,Vote
2595,Greens
5011,Pinks
8723,Greens
5598,Purples
7173,Blues
9833,Whites
1565,Browns
446,Turquoises
7322,Purples
9038,Blues
2600,Purples
8738,Purples
8699,Browns
4598,Whites
3420,Browns
4165,Blues
9344,Pinks
5049,Pinks
3879,Greens
5607,Browns
8024,Greys
9919,Browns
1802,Pinks
4688,Browns
7750,Reds
4496,Purples
4000,Yellows
3585,Purples
4696,Reds
8850,Browns
4883,Browns
9662,Browns
8496,Purples
3937,Purples
6421,Yellows
3522,Turquoises
6912,Purples
8514,Blues
2953,Oranges
895,Greys
747,Greens
4199,Pinks
310,Pinks
3867,Turquoises
5418,Pinks
6945,Pinks
3677,Purples
391,Whites
1901,Greens
2886,Browns
6010,Oranges
5459,Blues
7339,Browns
3785,Browns
7146,Greys
9052,Purples
8279,Purples
7303,Whites
8811,Blues
1479,Purples
7282,Oranges
4134,Greens
8777,Yellows
9008,Purples
4703,Greens
4695,Pinks
9654,Greens
5740,Purples
5156,Greys
8670,Pinks
6578,Browns
188,Browns
8491,Browns
6649,Blues
5002,Greys
2166,Pinks
4577,Pinks
4492,Blues
4977,Browns
5708,Greens
5295,Pinks
8322,Blues
836,Blues
8229,Yellows
7100,Pinks
3618,Purples
9896,Purples
9349,Browns
8785,Browns
2916,Pinks
9361,Whites
3622,Blues
4895,Greens
2998,Oranges
722,Blues
1043,Pinks
7785,Browns
5028,Browns
3692,Browns
8181,Purples
9980,Pinks
5723,Greys
9355,Greens
346,Purples
7809,Yellows
4880,Browns
9232,Greens
8478,Greys
4123,Greens
5217,Oranges
2769,Pinks
2195,Browns
5180,Browns
3536,Whites
7398,Greens
3614,Purples
5703,Purples
451,Pinks
430,Purples
3400,Greens
8283,Browns
2162,Oranges
9428,Browns
448,Pinks
5420,Browns
9312,Oranges
5293,Blues
7064,Purples
7296,Purples
5364,Greens
3933,Purples
9712,Purples
9443,Purples
1430,Greys
9606,Blues
6517,Turquoises
2276,Browns
5248,Purples
3103,Greens
2914,Browns
2169,Pinks
8117,Blues
823,Pinks
8824,Purples
6477,Purples
9020,Browns
8475,Browns
2934,Purples
2036,Browns
6859,Greys
1202,Greys
9173,Purples
9986,Pinks
4539,Browns
7729,Purples
1933,Greens
260,Purples
4456,Purples
6709,Greys
711,Purples
14,Purples
8383,Browns
7294,Pinks
5455,Pinks
5885,Purples
3207,Oranges
5593,Browns
7041,Blues
3117,Purples
6425,Browns
52,Purples
33,Greys
9913,Whites
8035,Pinks
3704,Blues
8286,Blues
2746,Purples
6733,Oranges
3975,Purples
9729,Purples
4843,Greens
604,Blues
2753,Turquoises
5205,Reds
5803,Greys
6060,Browns
3651,Purples
6885,Browns
4830,Yellows
7215,Purples
5999,Greys
3315,Browns
7074,Greens
8151,Reds
2811,Blues
5739,Whites
1472,Browns
1408,Browns
4592,Greens
659,Greys
6716,Greys
6273,Browns
3667,Reds
4499,Greens
4476,Oranges
5825,Purples
3044,Purples
6691,Blues
1101,Reds
1656,Blues
3888,Browns
3160,Whites
507,Pinks
3557,Browns
3182,Purples
7775,Blues
4505,Pinks
9325,Turquoises
4811,Whites
9452,Yellows
5387,Browns
1201,Oranges
6241,Purples
3019,Reds
2980,Browns
5629,Oranges
3713,Blues
9962,Greys
7658,Reds
1538,Whites
6947,Oranges
2333,Blues
7463,Greens
406,Oranges
270,Purples
7634,Browns
8847,Purples
7903,Purples
4264,Blues
6389,Purples
9982,Browns
5045,Browns
1410,Purples
9922,Blues
7913,Purples
963,Yellows
8423,Blues
5380,Greys
9754,Browns
2905,Browns
1194,Purples
271,Yellows
9356,Browns
8896,Purples
8063,Browns
2778,Browns
4047,Whites
9383,Pinks
4444,Purples
4550,Purples
1157,Yellows
5344,Yellows
3776,Greens
1758,Purples
2,Purples
1321,Greens
1990,Greens
7698,Greens
4383,Purples
4583,Turquoises
5272,Blues
3161,Blues
9542,Greens
4407,Purples
397,Greys
4183,Pinks
2341,Pinks
1815,Purples
3131,Yellows
6459,Purples
248,Greys
526,Purples
7680,Greens
5053,Greens
8057,Purples
827,Yellows
5843,Browns
102,Purples
4804,Greys
9779,Blues
8041,Greens
2142,Oranges
5542,Blues
9619,Pinks
9292,Pinks
5157,Browns
6034,Browns
6136,Yellows
2389,Blues
8697,Greens
9557,Greens
8877,Blues
4386,Purples
3380,Blues
123,Blues
1764,Yellows
5743,Yellows
9868,Reds
2447,Browns
4144,Browns
6495,Purples
6760,Greys
8630,Yellows
6886,Browns
7923,Pinks
753,Greys
5943,Purples
4823,Yellows
3343,Turquoises
1574,Pinks
5805,Browns
2952,Purples
8203,Greens
9373,Browns
4987,Purples
3807,Purples
5001,Pinks
8264,Purples
9401,Greens
920,Pinks
644,Browns
8327,Purples
3365,Blues
852,Purples
239,Browns
5767,Greys
7423,Blues
1841,Browns
8447,Purples
4332,Purples
1086,Greys
807,Whites
8665,Whites
2489,Pinks
224,Greys
3962,Browns
4245,Blues
8050,Blues
5186,Purples
8830,Greys
8801,Blues
6825,Blues
1200,Browns
8430,Greens
6052,Reds
7107,Pinks
1238,Purples
1316,Browns
4656,Browns
6226,Blues
1095,Reds
5438,Purples
7909,Yellows
2500,Purples
8804,Blues
690,Yellows
1120,Purples
4553,Oranges
1467,Pinks
1652,Purples
1771,Oranges
8207,Purples
1000,Greens
70,Greens
2628,Purples
8912,Blues
6230,Browns
3010,Whites
6408,Browns
4729,Turquoises
3805,Oranges
6245,Browns
8078,Pinks
3988,Purples
3407,Oranges
7991,Purples
8783,Purples
9227,Purples
8647,Turquoises
3402,Turquoises
3637,Oranges
2044,Pinks
409,Purples
2495,Purples
7330,Reds
914,Turquoises
8527,Greens
4995,Browns
7152,Pinks
7891,Pinks
6159,Greens
5963,Pinks
5339,Greens
2127,Purples
5769,Browns
643,Blues
8406,Blues
6271,Blues
7717,Greens
5478,Turquoises
6803,Greys
2271,Greens
9648,Turquoises
9274,Yellows
1232,Purples
7887,Browns
5540,Browns
1022,Yellows
1582,Purples
2061,Greys
4400,Greens
974,Purples
9762,Turquoises
6606,Reds
2798,Greys
7015,Purples
3483,Browns
9115,Blues
267,Purples
1847,Turquoises
2908,Pinks
8646,Purples
2974,Browns
8635,Browns
9488,Purples
9782,Browns
9124,Greens
1197,Browns
7597,Purples
6281,Purples
8623,Browns
8334,Purples
9464,Browns
7388,Purples
7640,Purples
374,Oranges
4735,Purples
2461,Oranges
2613,Greens
255,Greens
9824,Browns
7505,Blues
5481,Greys
8473,Purples
7116,Blues
4414,Purples
7972,Browns
9794,Purples
5401,Purples
9201,Browns
1804,Greys
6282,Purples
2772,Purples
2907,Whites
9122,Pinks
4442,Greens
3289,Browns
1401,Pinks
9041,Pinks
8595,Purples
3479,Oranges
7319,Purples
5371,Browns
7165,Blues
493,Browns
5446,Greys
9500,Browns
2512,Purples
1923,Pinks
2624,Turquoises
2729,Yellows
7757,Purples
3150,Browns
4816,Pinks
8246,Reds
2630,Greens
1627,Blues
2748,Oranges
1703,Browns
8153,Browns
4852,Blues
7199,Turquoises
7174,Whites
7438,Blues
1926,Greens
7515,Purples
6496,Yellows
2906,Greens
4309,Blues
6045,Browns
6157,Yellows
2919,Yellows
7102,Browns
7198,Browns
7069,Greens
5906,Pinks
2257,Blues
219,Purples
9643,Browns
8906,Pinks
7441,Blues
1279,Greens
9681,Turquoises
3408,Purples
9476,Browns
82,Browns
5721,Blues
2672,Purples
4727,Yellows
5648,Oranges
4348,Purples
9225,Greens
7286,Pinks
4968,Purples
7766,Blues
3821,Greys
3113,Blues
7718,Purples
3297,Pinks
4854,Turquoises
5676,Yellows
4225,Browns
3743,Oranges
6058,Pinks
289,Purples
5706,Browns
9992,Browns
2318,Browns
3489,Browns
8407,Greys
464,Yellows
8476,Turquoises
2817,Greys
3406,Purples
6264,Greens
802,Pinks
9075,Purples
3783,Pinks
9826,Purples
9411,Purples
149,Yellows
49,Oranges
4930,Blues
8942,Reds
8752,Greens
5952,Pinks
5670,Browns
3682,Whites
9949,Purples
2456,Pinks
1499,Blues
7778,Blues
9042,Blues
4972,Browns
1682,Purples
2186,Purples
1845,Pinks
1696,Purples
2750,Browns
4221,Blues
7009,Pinks
801,Browns
8962,Blues
172,Reds
4569,Purples
1514,Whites
8945,Purples
8397,Pinks
2479,Yellows
9770,Blues
2972,Greys
6384,Greens
1066,Purples
9616,Purples
8641,Oranges
1266,Oranges
7419,Purples
4428,Blues
3598,Greys
9718,Greys
2840,Yellows
6337,Whites
1243,Whites
8170,Whites
7101,Reds
7704,Purples
1239,Browns
1851,Purples
1455,Blues
5846,Greens
326,Oranges
363,Purples
2016,Reds
4546,Greens
7994,Yellows
1972,Oranges
3228,Purples
378,Greens
7266,Reds
6177,Purples
499,Greens
5473,Turquoises
8146,Greys
6318,Pinks
424,Greens
4705,Purples
4978,Browns
9145,Turquoises
8913,Greens
3902,Purples
4452,Purples
2168,Turquoises
6809,Blues
5301,Pinks
3356,Browns
1839,Yellows
5579,Browns
5742,Blues
5789,Browns
3631,Blues
1738,Purples
8445,Browns
712,Browns
7824,Pinks
1917,Blues
4677,Greens
8898,Pinks
713,Browns
7856,Greens
6256,Blues
7945,Purples
7984,Yellows
8236,Pinks
6614,Whites
8910,Purples
5065,Greys
7431,Pinks
4503,Greens
9926,Purples
8366,Greens
1569,Browns
4172,Purples
5679,Browns
1643,Whites
5933,Browns
9454,Blues
4842,Purples
5241,Reds
26,Pinks
9861,Pinks
1774,Purples
6040,Purples
9057,Pinks
6623,Blues
4528,Yellows
9987,Oranges
7815,Turquoises
3841,Purples
9457,Purples
6270,Purples
9946,Oranges
8331,Greens
9025,Greys
3055,Browns
3920,Oranges
9421,Blues
5432,Browns
3219,Purples
3148,Browns
6764,Purples
2131,Purples
2286,Oranges
5911,Reds
319,Blues
587,Greens
65,Turquoises
6879,Turquoises
9525,Pinks
3304,Whites
3320,Pinks
2507,Browns
6050,Turquoises
1245,Greens
9233,Whites
7979,Blues
1041,Greys
3086,Turquoises
3533,Oranges
7526,Whites
6732,Greens
6645,Browns
5517,Greens
831,Pinks
2808,Yellows
3258,Pinks
2936,Purples
1553,Greens
9846,Pinks
1756,Browns
4651,Browns
4559,Browns
8046,Pinks
686,Browns
3421,Blues
4808,Purples
3252,Purples
7073,Blues
4781,Blues
4204,Oranges
1148,Purples
7097,Purples
5886,Pinks
4521,Blues
4351,Blues
5300,Purples
8290,Purples
8029,Greys
8934,Oranges
4271,Blues
1439,Greys
4219,Purples
1026,Yellows
8565,Browns
135,Pinks
3329,Greens
4149,Browns
6346,Greens
5979,Oranges
8231,Yellows
4147,Yellows
7368,Purples
1575,Yellows
4228,Browns
2199,Browns
2455,Whites
7931,Browns
6030,Whites
3987,Greys
3935,Greens
9583,Purples
6959,Browns
4587,Yellows
2947,Browns
8602,Purples
3232,Greens
4855,Browns
7052,Greens
8615,Browns
9664,Yellows
4023,Oranges
8418,Purples
4512,Oranges
7880,Reds
2242,Browns
6381,Greens
4284,Purples
3725,Greys
3523,Greys
269,Pinks
2434,Blues
4626,Purples
4419,Browns
7594,Reds
1353,Purples
1058,Purples
5341,Blues
4168,Oranges
7513,Browns
1909,Oranges
8787,Greens
8958,Purples
8421,Whites
7399,Oranges
928,Greens
456,Blues
2636,Purples
3932,Purples
4574,Turquoises
6807,Greens
9598,Purples
9952,Purples
4280,Pinks
2264,Oranges
5141,Pinks
5365,Turquoises
1961,Whites
3994,Purples
5495,Purples
7,Purples
8465,Oranges
3834,Browns
6599,Browns
4,Browns
857,Greens
5781,Pinks
6847,Greens
4142,Browns
3396,Purples
4288,Purples
1532,Purples
331,Reds
4787,Browns
8539,Yellows
9556,Browns
2427,Greens
5882,Purples
9687,Purples
5780,Greens
131,Pinks
504,Greens
2337,Browns
3847,Reds
1767,Yellows
8053,Blues
1445,Purples
6800,Purples
4490,Reds
8703,Purples
4117,Oranges
658,Greens
4903,Turquoises
8224,Greens
4124,Purples
867,Purples
3565,Purples
4952,Browns
4187,Pinks
9572,Purples
4487,Browns
849,Purples
4412,Greys
3559,Purples
8663,Greens
2925,Greens
4662,Reds
9939,Reds
3419,Purples
6602,Yellows
4194,Whites
2069,Whites
6571,Pinks
3354,Blues
9334,Purples
1534,Greys
3615,Yellows
3280,Purples
6079,Browns
5485,Whites
7086,Greens
5662,Greys
2233,Purples
997,Purples
8529,Greys
6942,Purples
3291,Greens
4821,Oranges
5902,Yellows
8992,Browns
5280,Browns
9193,Oranges
3202,Pinks
4526,Purples
6200,Oranges
1783,Purples
780,Purples
8060,Browns
4547,Oranges
8706,Pinks
1794,Purples
7636,Browns
6130,Turquoises
8195,Pinks
2396,Greys
4390,Greys
1991,Greens
4554,Purples
8901,Blues
3721,Oranges
2110,Pinks
2419,Browns
818,Browns
6302,Pinks
6880,Purples
8416,Greens
5047,Greens
2217,Pinks
8082,Purples
2009,Greens
5945,Reds
4580,Blues
7724,Blues
5466,Purples
5775,Blues
5144,Yellows
1864,Pinks
7617,Greens
960,Greens
9911,Blues
5041,Greens
9394,Purples
9767,Greens
5801,Oranges
7711,Blues
6057,Turquoises
3208,Purples
8440,Whites
470,Browns
5983,Purples
8548,Greens
8253,Greys
7633,Turquoises
6526,Purples
5763,Blues
7265,Browns
6815,Purples
4318,Pinks
3893,Purples
7774,Browns
287,Purples
7514,Browns
2114,Purples
9099,Yellows
4506,Browns
8263,Purples
7241,Purples
9238,Greys
2108,Purples
6445,Blues
4665,Turquoises
6500,Purples
7585,Oranges
4405,Pinks
639,Greens
8978,Purples
3467,Browns
2522,Browns
7280,Purples
4613,Blues
2777,Greens
7674,Purples
7828,Browns
2103,Blues
4749,Whites
8885,Greens
5095,Yellows
9620,Greens
5752,Greens
7567,Purples
3698,Greys
4424,Yellows
4166,Purples
4337,Reds
5619,Purples
7630,Browns
2395,Purples
7354,Browns
4520,Turquoises
810,Greens
1622,Greens
5171,Reds
5982,Purples
4518,Browns
8989,Browns
2571,Yellows
6791,Browns
3549,Greens
6003,Purples
6407,Purples
1020,Blues
1160,Blues
7477,Greys
2000,Purples
1621,Browns
7520,Oranges
6456,Purples
3416,Browns
9219,Yellows
9380,Purples
1615,Yellows
2145,Greens
3119,Purples
5349,Purples
2154,Yellows
4034,Pinks
7057,Yellows
8219,Purples
2297,Purples
7316,Blues
2854,Oranges
2383,Purples
1948,Blues
9799,Yellows
9119,Browns
1185,Purples
182,Whites
6026,Browns
3129,Blues
1325,Oranges
931,Greens
3095,Blues
9297,Purples
7695,Purples
7673,Whites
4191,Reds
9516,Browns
1482,Greys
4681,Browns
2532,Purples
9287,Turquoises
754,Greens
2221,Pinks
9744,Purples
9296,Pinks
9407,Purples
9445,Purples
9571,Browns
4568,Greens
2784,Purples
2369,Browns
2632,Greys
9372,Pinks
4283,Browns
7876,Browns
846,Blues
1765,Pinks
8759,Greys
6858,Greys
7259,Purples
4106,Browns
8589,Blues
8432,Purples
3184,Pinks
5000,Greys
9216,Greens
1441,Greens
4672,Purples
6613,Purples
1181,Greens
5353,Purples
975,Purples
400,Blues
6892,Pinks
9063,Greens
243,Greens
7264,Pinks
581,Oranges
4306,Pinks
5296,Greens
3369,Oranges
6083,Pinks
7346,Greens
5544,Oranges
7607,Greens
25,Purples
578,Pinks
1231,Oranges
830,Greys
3319,Browns
2692,Reds
7864,Turquoises
6769,Greys
5311,Purples
6019,Browns
6770,Purples
2083,Purples
899,Oranges
3929,Browns
213,Blues
4747,Browns
9143,Purples
4167,Browns
6291,Greens
7194,Greens
6972,Blues
9120,Purples
7586,Blues
3607,Purples
3606,Purples
4664,Purples
3829,Browns
5140,Browns
9358,Greens
1122,Oranges
6848,Greys
3799,Purples
955,Blues
6701,Oranges
7481,Turquoises
5799,Browns
7287,Purples
5075,Blues
9564,Greens
2824,Purples
7249,Purples
5091,Purples
5357,Greens
6160,Greens
1908,Purples
7393,Purples
9879,Browns
5976,Purples
9965,Yellows
8822,Greens
1786,Purples
5841,Purples
534,Purples
292,Blues
2709,Pinks
5313,Purples
5586,Greens
1509,Reds
7078,Whites
6362,Purples
1714,Pinks
6818,Purples
2538,Browns
1132,Browns
6158,Purples
167,Browns
9030,Blues
9150,Purples
7459,Pinks
9945,Browns
6834,Greys
5161,Reds
3133,Blues
4462,Browns
2652,Pinks
9323,Browns
6878,Purples
4671,Yellows
4205,Blues
5197,Greys
4849,Browns
2047,Purples
6597,Yellows
3660,Yellows
3983,Purples
9869,Yellows
789,Purples
6501,Purples
3313,Yellows
1344,Blues
5557,Greens
7795,Purples
1699,Purples
6400,Purples
6417,Purples
4207,Blues
5932,Greens
3358,Yellows
1937,Browns
774,Yellows
9182,Greys
6355,Pinks
5189,Pinks
4360,Greens
8323,Turquoises
7723,Blues
4853,Pinks
9450,Yellows
7777,Greys
7793,Reds
1743,Purples
1007,Purples
6120,Pinks
6352,Blues
3638,Purples
5827,Yellows
1250,Purples
1031,Pinks
8385,Purples
6522,Blues
9709,Purples
8789,Yellows
3866,Turquoises
590,Oranges
605,Browns
6660,Greens
723,Purples
1147,Purples
597,Whites
6842,Blues
2937,Browns
472,Yellows
5901,Browns
1516,Blues
6982,Greens
4164,Whites
8508,Greens
3215,Blues
8486,Greens
180,Greens
5096,Greens
1552,Whites
6853,Yellows
9984,Greys
9007,Purples
2046,Browns
5639,Oranges
2358,Blues
3632,Greys
3122,Whites
5496,Greens
2399,Browns
7082,Greys
7776,Blues
7092,Whites
3837,Whites
1894,Purples
7002,Pinks
4595,Turquoises
8673,Greens
2289,Turquoises
8711,Browns
2552,Browns
892,Reds
9446,Greens
3554,Browns
2781,Purples
2034,Pinks
1939,Pinks
6111,Purples
8301,Browns
4996,Pinks
6048,Browns
8114,Purples
2779,Pinks
2354,Blues
5465,Greens
4635,Browns
5987,Purples
2482,Greys
1745,Purples
7610,Yellows
9300,Purples
2956,Purples
300,Purples
2275,Blues
312,Reds
9288,Purples
8359,Blues
4120,Oranges
4473,Browns
5855,Browns
9685,Browns
3311,Blues
805,Oranges
1719,Blues
9578,Greens
7948,Pinks
7465,Purples
9831,Blues
4570,Yellows
4422,Purples
7350,Browns
3121,Pinks
85,Browns
3485,Purples
3636,Purples
3850,Purples
7048,Oranges
7083,Greens
2788,Oranges
8985,Browns
2280,Browns
2214,Oranges
3255,Blues
7841,Greens
7193,Browns
2466,Greens
749,Yellows
324,Greens
1577,Purples
2964,Pinks
2042,Purples
442,Blues
6339,Blues
3375,Reds
7764,Greys
8426,Purples
595,Browns
9943,Browns
1913,Purples
8926,Purples
2245,Blues
1830,Greens
2398,Purples
5762,Purples
4321,Greys
5393,Yellows
4949,Browns
7295,Purples
2877,Browns
5734,Browns
4667,Purples
598,Blues
3906,Greens
1254,Pinks
9588,Browns
278,Blues
2174,Greens
4033,Greens
9958,Purples
1770,Greens
5611,Purples
3883,Greens
2302,Purples
9839,Whites
4146,Browns
4262,Purples
1111,Purples
1436,Pinks
1224,Greens
1449,Whites
20,Pinks
1380,Purples
9208,Blues
9853,Browns
6535,Blues
5429,Turquoises
7226,Purples
3157,Purples
2950,Oranges
7701,Blues
7171,Purples
1900,Greens
3099,Purples
6921,Purples
390,Oranges
9427,Yellows
7020,Turquoises
2212,Blues
9333,Blues
909,Greens
1376,Oranges
3985,Browns
8888,Blues
3864,Reds
7580,Greens
7131,Greens
2887,Greens
3048,Purples
2084,Yellows
9490,Pinks
8357,Blues
8721,Purples
9430,Oranges
592,Blues
298,Pinks
1339,Pinks
6528,Whites
2492,Pinks
9645,Greys
3510,Purples
7730,Browns
9032,Browns
3949,Browns
5027,Pinks
5880,Blues
9859,Purples
5004,Greens
101,Reds
4704,Browns
8710,Reds
6176,Browns
7430,Pinks
2368,Purples
5463,Greys
6547,Pinks
5178,Oranges
625,Greens
360,Purples
7260,Reds
2836,Blues
698,Reds
6080,Greens
7992,Browns
3745,Reds
7562,Browns
4564,Blues
2293,Greens
3101,Purples
5737,Greys
2722,Browns
2915,Purples
1051,Greys
1963,Greens
5149,Browns
3050,Browns
550,Purples
1721,Browns
9256,Purples
4810,Blues
8853,Greens
8088,Purples
6338,Purples
8979,Purples
7017,Browns
444,Browns
571,Purples
5692,Purples
2260,Oranges
4319,Blues
2537,Oranges
3074,Greys
553,Browns
1214,Turquoises
577,Purples
4950,Greens
3664,Pinks
67,Greens
1599,Greens
1686,Reds
1319,Blues
9573,Browns
2875,Blues
8238,Blues
3115,Yellows
2384,Greys
7615,Greens
68,Blues
4161,Yellows
2045,Purples
9444,Greens
9508,Browns
4113,Yellows
3056,Browns
9629,Browns
3678,Pinks
9370,Browns
2960,Reds
9320,Purples
8765,Turquoises
4683,Browns
2401,Oranges
8191,Browns
4956,Browns
6404,Yellows
1554,Browns
4107,Browns
5312,Blues
5564,Purples
7751,Pinks
8714,Oranges
6133,Browns
500,Yellows
136,Browns
4788,Blues
4084,Purples
4269,Purples
537,Pinks
7650,Purples
4734,Browns
5346,Blues
7404,Purples
3688,Browns
1110,Purples
9153,Purples
3884,Purples
2909,Pinks
3716,Browns
8115,Turquoises
1975,Blues
1614,Blues
9728,Purples
1288,Oranges
7022,Yellows
9027,Pinks
7256,Browns
8260,Browns
8807,Reds
2749,Blues
7761,Browns
1611,Purples
5169,Turquoises
9408,Greens
925,Browns
9723,Purples
557,Browns
145,Blues
4603,Purples
7691,Turquoises
694,Blues
7222,Whites
607,Purples
7682,Pinks
5006,Purples
4016,Yellows
3450,Greens
3477,Purples
7985,Purples
4527,Purples
4402,Greens
8722,Yellows
9670,Blues
5515,Greens
2847,Pinks
3112,Pinks
415,Turquoises
5331,Purples
1282,Browns
8569,Greys
8689,Reds
6951,Yellows
2669,Browns
4012,Browns
9003,Purples
8221,Greys
666,Blues
8071,Browns
7904,Pinks
4531,Greens
5370,Pinks
234,Pinks
7576,Blues
2665,Pinks
3006,Turquoises
6066,Oranges
5787,Purples
3413,Browns
728,Purples
777,Browns
6914,Browns
7195,Greens
9559,Purples
8189,Whites
6670,Pinks
9817,Purples
9910,Browns
2725,Oranges
8624,Pinks
2757,Greens
6324,Oranges
8054,Blues
8320,Yellows
1539,Reds
187,Purples
2791,Turquoises
6849,Pinks
501,Oranges
9733,Browns
2347,Browns
9469,Purples
8535,Purples
5291,Purples
8734,Greens
5566,Reds
8206,Yellows
4887,Browns
9185,Purples
423,Greys
6218,Pinks
5990,Oranges
94,Greens
3922,Yellows
3046,Browns
8883,Greens
651,Purples
1811,Oranges
5929,Purples
6783,Greys
5400,Greys
1210,Browns
7244,Purples
4713,Pinks
8621,Reds
8614,Blues
9375,Greens
4248,Blues
1837,Greys
7927,Purples
5191,Greys
3853,Reds
6596,Pinks
2985,Browns
9796,Pinks
634,Reds
7449,Purples
498,Pinks
1612,Purples
3265,Purples
6196,Purples
6343,Greys
7444,Purples
1192,Greys
3689,Browns
2521,Purples
525,Turquoises
8579,Purples
9299,Pinks
5121,Pinks
9510,Purples
8165,Purples
7733,Greys
5356,Purples
6633,Reds
7472,Greens
1459,Browns
6072,Purples
8662,Greys
9509,Purples
9316,Greys
9093,Reds
8209,Greys
1562,Pinks
9278,Pinks
1057,Blues
1965,Purples
419,Yellows
9152,Pinks
9350,Whites
6311,Blues
4601,Pinks
1399,Purples
2857,Purples
4571,Pinks
9649,Greys
5699,Blues
3959,Pinks
1713,Greys
7162,Purples
2137,Purples
1630,Purples
6216,Greens
7753,Purples
7134,Whites
8387,Greens
8000,Purples
7890,Purples
3238,Browns
6106,Purples
9660,Greens
9079,Purples
3080,Blues
4909,Blues
9330,Purples
8818,Browns
3913,Turquoises
1633,Reds
6275,Purples
1432,Purples
5226,Purples
1355,Turquoises
2326,Blues
4480,Browns
8161,Browns
2806,Browns
4488,Blues
8504,Purples
3355,Greens
6654,Purples
2731,Browns
6911,Greys
6685,Blues
4244,Oranges
7464,Purples
8400,Pinks
2005,Purples
4652,Purples
2720,Browns
8068,Greens
6514,Purples
4087,Whites
5142,Greens
8124,Purples
5870,Purples
9692,Blues
9101,Pinks
1407,Blues
5063,Reds
7420,Purples
7067,Purples
1345,Purples
4404,Browns
7528,Blues
6991,Greys
6619,Turquoises
3528,Pinks
8458,Purples
1995,Purples
1606,Browns
3243,Greys
7506,Greys
9512,Oranges
1966,Blues
7942,Purples
335,Turquoises
6600,Purples
2150,Greens
9449,Greens
683,Greys
2317,Greens
3683,Turquoises
1649,Purples
4939,Turquoises
8902,Blues
2702,Whites
9970,Browns
8587,Greens
2535,Browns
4693,Purples
4999,Purples
9214,Pinks
5436,Purples
1882,Turquoises
515,Browns
570,Purples
585,Browns
545,Pinks
4645,Blues
813,Purples
1338,Purples
6778,Purples
17,Greys
6039,Purples
3192,Browns
3092,Turquoises
775,Yellows
1930,Browns
917,Blues
3731,Purples
5456,Yellows
3570,Greens
9950,Turquoises
9775,Greys
4145,Pinks
8122,Pinks
4611,Purples
7697,Greens
887,Turquoises
8175,Pinks
9056,Purples
56,Greys
8025,Browns
7638,Browns
2050,Purples
8950,Greens
9788,Browns
4514,Purples
8396,Purples
6099,Blues
7288,Purples
9985,Greys
2117,Browns
1178,Greys
7676,Purples
5462,Browns
8772,Purples
8395,Purples
2170,Browns
5631,Pinks
8873,Greens
6491,Blues
954,Pinks
1932,Yellows
7823,Oranges
305,Purples
4920,Yellows
5575,Blues
7884,Oranges
5891,Purples
4864,Yellows
2631,Greens
6676,Browns
2210,Purples
5954,Greens
3539,Blues
1421,Greens
3128,Purples
1945,Pinks
5591,Browns
3564,Oranges
7409,Yellows
2328,Yellows
621,Browns
3424,Whites
8130,Pinks
6820,Purples
4510,Pinks
7955,Reds
1259,Browns
6125,Greys
7810,Browns
6435,Blues
4028,Purples
416,Turquoises
5785,Yellows
8110,Browns
8882,Purples
3630,Purples
1707,Greys
5600,Browns
520,Greens
7473,Browns
7371,Browns
1429,Browns
750,Whites
4130,Yellows
664,Blues
971,Greens
8285,Purples
1826,Blues
1223,Oranges
7202,Yellows
1352,Yellows
7539,Oranges
3153,Oranges
3472,Oranges
7568,Yellows
8661,Reds
3788,Oranges
6231,Whites
9590,Whites
1852,Purples
3590,Purples
8727,Greys
2659,Purples
322,Browns
7912,Browns
2343,Purples
3285,Blues
7310,Browns
7300,Greens
1180,Browns
1833,Pinks
7112,Reds
6413,Browns
2713,Browns
4427,Purples
1388,Blues
4218,Greens
8033,Purples
8492,Purples
7063,Whites
7358,Purples
482,Yellows
221,Browns
4975,Purples
4984,Yellows
7738,Pinks
2113,Yellows
3058,Purples
1904,Browns
4902,Yellows
2530,Purples
6428,Purples
2157,Pinks
9753,Greens
5537,Oranges
3967,Greys
7279,Blues
1584,Oranges
1978,Reds
4046,Purples
6279,Browns
3374,Purples
431,Browns
1085,Browns
4259,Purples
7703,Browns
2689,Pinks
1500,Purples
3992,Browns
1477,Purples
7881,Purples
5714,Yellows
3060,Blues
1079,Browns
8259,Browns
0,Pinks
742,Blues
6132,Blues
3642,Whites
8282,Oranges
2626,Purples
2097,Greys
5411,Yellows
518,Browns
3210,Greys
7121,Yellows
7055,Pinks
6594,Purples
9918,Blues
9895,Purples
4914,Blues
748,Reds
1533,Purples
3757,Purples
9589,Purples
8176,Yellows
5487,Whites
1035,Browns
299,Purples
762,Browns
7461,Browns
5685,Purples
3211,Greens
3836,Greens
5693,Pinks
862,Yellows
6539,Greens
7378,Yellows
5435,Browns
1419,Blues
3671,Blues
4001,Purples
8540,Yellows
3266,Greys
1677,Purples
6229,Browns
4769,Greens
302,Pinks
1027,Browns
4877,Purples
7013,Pinks
8125,Browns
9524,Pinks
394,Pinks
9023,Purples
5704,Greens
8048,Purples
7223,Greens
2982,Whites
848,Browns
1523,Greys
9277,Pinks
483,Oranges
9551,Browns
6624,Purples
2995,Purples
4919,Greens
945,Whites
819,Browns
2236,Pinks
4730,Purples
8379,Oranges
4237,Purples
9999,Purples
5861,Yellows
8242,Browns
4938,Yellows
5661,Purples
9977,Purples
9706,Purples
9819,Purples
112,Purples
4073,Browns
7133,Browns
5158,Browns
3519,Purples
1691,Purples
148,Browns
3926,Blues
3174,Purples
9260,Purples
2856,Blues
3256,Pinks
9106,Greys
588,Turquoises
4523,Purples
8162,Purples
4357,Greys
654,Turquoises
3236,Greens
7270,Reds
6182,Greys
7454,Oranges
4086,Purples
9127,Blues
4673,Greens
6053,Browns
3217,Oranges
1422,Browns
6662,Oranges
1466,Purples
6821,Greens
2596,Purples
2844,Purples
1773,Greens
5684,Blues
1850,Reds
3881,Browns
5729,Blues
558,Purples
6532,Greens
6521,Reds
1650,Whites
5622,Purples
1600,Purples
9026,Blues
3674,Purples
6027,Purples
9717,Browns
1317,Blues
2696,Browns
8077,Greens
6784,Browns
8356,Browns
4137,Purples
1,Purples
1648,Purples
6775,Greens
8065,Purples
8039,Blues
1601,Purples
7708,Yellows
5233,Purples
3655,Browns
7422,Purples
1290,Pinks
3212,Purples
7349,Turquoises
8106,Purples
4411,Purples
2344,Greens
3768,Purples
2942,Purples
8930,Browns
3921,Purples
3645,Pinks
5080,Purples
7122,Oranges
9231,Greens
8792,Blues
2536,Browns
5921,Purples
171,Purples
4630,Browns
7829,Browns
7965,Turquoises
6458,Greens
3327,Browns
1442,Pinks
1517,Yellows
2794,Blues
6134,Greens
1012,Oranges
4926,Greys
8464,Greens
3540,Oranges
1985,Purples
3412,Greens
6122,Blues
812,Greys
6696,Yellows
3849,Browns
8511,Browns
8907,Blues
5228,Browns
5336,Greys
3998,Browns
435,Purples
5024,Turquoises
7191,Turquoises
6167,Purples
9073,Greens
6248,Browns
4615,Yellows
8049,Yellows
9683,Blues
3465,Oranges
8160,Blues
9360,Greens
9061,Purples
2386,Greens
2209,Yellows
9750,Purples
4067,Greys
1992,Greys
5914,Oranges
429,Greys
6075,Whites
5948,Turquoises
2232,Browns
2334,Greys
8190,Blues
4516,Browns
878,Purples
2816,Whites
7324,Purples
3032,Whites
1906,Purples
3995,Purples
8232,Greens
8370,Pinks
6846,Greens
1198,Blues
6881,Reds
6280,Purples
175,Blues
2912,Purples
9562,Purples
6924,Browns
3784,Reds
8267,Browns
3924,Purples
7258,Browns
1494,Purples
1661,Yellows
6484,Blues
6869,Whites
4098,Purples
9880,Greens
3277,Greens
2436,Purples
1176,Greens
8034,Oranges
4330,Browns
2420,Purples
4324,Purples
4188,Yellows
4376,Pinks
5335,Browns
4800,Browns
6463,Browns
2476,Pinks
3061,Greys
6722,Reds
8974,Greens
6372,Greys
1952,Blues
6856,Pinks
5977,Whites
9505,Pinks
6987,Purples
708,Pinks
3568,Browns
8003,Pinks
2979,Pinks
1592,Browns
1037,Browns
3997,Browns
8086,Greens
3028,Purples
9522,Purples
1602,Pinks
948,Purples
1435,Pinks
5959,Purples
8816,Blues
2627,Purples
2138,Greys
2121,Blues
2363,Purples
1296,Purples
8840,Purples
6872,Greens
1788,Blues
8032,Purples
3909,Turquoises
9688,Greens
1415,Blues
5101,Purples
8862,Purples
3710,Blues
2705,Yellows
9022,Purples
9249,Greys
4304,Greys
3220,Purples
2880,Purples
7964,Oranges
4223,Purples
8437,Greys
7016,Greens
5015,Reds
8173,Greys
3635,Browns
2416,Purples
9348,Greys
5014,Browns
2614,Browns
7428,Greens
2294,Purples
2699,Yellows
8364,Blues
981,Reds
612,Oranges
6916,Pinks
7292,Greys
5969,Yellows
1329,Turquoises
8123,Greens
4482,Purples
6009,Pinks
8509,Greys
3414,Oranges
681,Browns
5669,Browns
5115,Purples
4998,Greys
111,Purples
8353,Blues
3972,Browns
3333,Purples
5838,Browns
7852,Greens
8687,Browns
2156,Pinks
9652,Blues
4267,Browns
254,Whites
3839,Greens
8343,Blues
5270,Yellows
7624,Greens
8742,Greens
6736,Blues
8796,Greys
9088,Browns
1671,Browns
7763,Purples
5361,Yellows
9267,Blues
4992,Purples
2106,Purples
1616,Reds
9313,Browns
8748,Purples
6169,Whites
2852,Turquoises
6801,Turquoises
7160,Purples
3595,Greens
5146,Greys
9028,Purples
3723,Purples
4720,Oranges
192,Greens
3825,Pinks
1572,Purples
9044,Browns
1879,Purples
6661,Blues
2345,Turquoises
1893,Browns
6965,Blues
1637,Browns
2650,Browns
1556,Browns
1860,Pinks
2450,Yellows
1684,Browns
2330,Browns
5700,Purples
4438,Browns
7396,Blues
9872,Pinks
4133,Greens
3672,Purples
1219,Browns
2024,Pinks
1693,Purples
6941,Greys
2828,Pinks
894,Oranges
5056,Oranges
5802,Blues
54,Greys
3665,Purples
3827,Oranges
6980,Turquoises
8368,Oranges
1660,Blues
3560,Pinks
2988,Blues
9669,Yellows
3738,Greens
684,Browns
5129,Purples
7833,Reds
8169,Greys
2248,Yellows
2563,Purples
9981,Purples
5608,Browns
5605,Purples
9242,Browns
627,Yellows
9171,Reds
8878,Browns
5051,Browns
7814,Greens
3634,Oranges
1360,Greys
5816,Greens
3372,Browns
3490,Purples
2382,Purples
667,Blues
4858,Purples
78,Browns
815,Yellows
2861,Pinks
6465,Purples
6506,Oranges
1812,Purples
8599,Purples
987,Pinks
7208,Blues
764,Greys
6321,Greens
161,Browns
143,Browns
4576,Browns
1118,Purples
4312,Greys
3278,Oranges
3196,Greys
7298,Yellows
6655,Browns
9435,Purples
3942,Purples
2724,Greys
6406,Greens
155,Pinks
8021,Yellows
8991,Greys
6857,Whites
4175,Pinks
9346,Blues
6584,Pinks
8610,Pinks
3919,Purples
6827,Blues
863,Pinks
8427,Blues
2388,Turquoises
6855,Browns
9482,Purples
3578,Greys
1709,Browns
7128,Purples
1880,Blues
7469,Blues
7229,Reds
238,Greens
7820,Whites
8585,Greens
4365,Purples
1248,Oranges
9941,Purples
2926,Greens
760,Greys
2324,Greys
9419,Reds
228,Blues
2278,Purples
2766,Browns
7821,Purples
6573,Purples
6452,Blues
6368,Browns
9947,Whites
3963,Pinks
2505,Pinks
7103,Purples
2534,Browns
7953,Pinks
1949,Pinks
6684,Browns
9418,Turquoises
8518,Turquoises
4874,Blues
7805,Pinks
2687,Pinks
6312,Blues
2216,Purples
939,Yellows
8105,Purples
7040,Yellows
5615,Browns
6520,Reds
3584,Browns
261,Oranges
2785,Browns
7947,Browns
8775,Greys
1165,Blues
3574,Greens
9396,Purples
452,Purples
7267,Whites
8933,Purples
5826,Turquoises
7696,Browns
4443,Purples
4942,Purples
7565,Purples
7702,Greens
7293,Blues
2060,Purples
5526,Browns
4610,Blues
2986,Purples
7871,Purples
6567,Yellows
1980,Purples
6786,Reds
7462,Browns
9832,Purples
8554,Purples
1346,Greys
5678,Yellows
2608,Purples
487,Pinks
8163,Pinks
2305,Pinks
9816,Purples
2270,Browns
5458,Purples
7374,Purples
5354,Purples
4890,Blues
3676,Greens
9538,Greens
6681,Reds
6461,Browns
2792,Purples
6090,Purples
8709,Greens
6566,Browns
2539,Greys
951,Purples
4911,Pinks
7011,Purples
3904,Purples
5081,Turquoises
844,Whites
9956,Greens
1061,Purples
6084,Yellows
4897,Oranges
3848,Purples
7843,Reds
4469,Purples
441,Browns
1638,Purples
1313,Blues
3052,Purples
6144,Pinks
4989,Oranges
5508,Purples
5716,Pinks
6085,Purples
1039,Purples
5984,Greens
3423,Yellows
8618,Purples
3714,Turquoises
1796,Pinks
800,Purples
3451,Greens
7533,Purples
3830,Turquoises
7029,Greys
5871,Greens
3656,Whites
3649,Greens
6622,Browns
8633,Browns
9125,Greens
2646,Reds
2802,Oranges
962,Browns
1768,Oranges
1146,Yellows
9934,Oranges
6110,Purples
3773,Purples
4905,Greens
457,Blues
8657,Oranges
411,Yellows
547,Purples
3878,Browns
1082,Oranges
6644,Purples
1513,Purples
3446,Blues
9198,Purples
5305,Yellows
8101,Browns
7746,Purples
3628,Purples
3715,Whites
1271,Whites
8557,Blues
552,Purples
7928,Blues
6055,Purples
8592,Whites
8314,Browns
9053,Pinks
2029,Blues
7816,Purples
8132,Pinks
222,Turquoises
9884,Whites
8075,Oranges
6906,Browns
8900,Purples
691,Browns
4878,Purples
4100,Pinks
8812,Purples
2139,Browns
8485,Browns
2620,Purples
5735,Whites
9797,Yellows
6759,Purples
4710,Turquoises
9526,Pinks
6088,Yellows
9668,Browns
8444,Greens
4616,Reds
485,Browns
5190,Purples
4628,Greens
4131,Turquoises
2269,Yellows
7405,Greens
2502,Greys
1868,Pinks
8753,Greys
9623,Purples
7471,Whites
1006,Browns
4690,Blues
4434,Pinks
4425,Purples
5910,Reds
9978,Oranges
5170,Purples
6489,Blues
4433,Purples
2230,Purples
4314,Purples
7336,Browns
7031,Reds
1297,Yellows
6128,Pinks
4924,Browns
3925,Blues
5224,Purples
2235,Whites
3481,Pinks
6100,Whites
1567,Greens
8516,Reds
5323,Browns
7759,Purples
6641,Pinks
1720,Purples
2928,Yellows
8102,Purples
8820,Greys
4653,Greens
8090,Browns
3173,Browns
3388,Browns
2268,Pinks
854,Blues
3512,Blues
7756,Purples
2031,Browns
9968,Purples
60,Oranges
8401,Reds
2796,Browns
5234,Reds
4605,Purples
893,Pinks
7080,Reds
6612,Browns
8302,Greens
3697,Reds
1519,Greens
8245,Pinks
9131,Purples
6490,Pinks
1585,Reds
7498,Browns
4868,Purples
4881,Purples
7236,Purples
908,Yellows
5923,Browns
6761,Purples
5461,Greys
2190,Greys
3600,Greens
703,Blues
8040,Purples
5856,Turquoises
5381,Greys
6333,Oranges
8590,Greys
6788,Purples
5154,Greys
6068,Purples
755,Purples
41,Greens
5112,Purples
1752,Blues
4535,Whites
7612,Yellows
7905,Browns
6891,Purples
8351,Blues
4536,Blues
4127,Purples
9747,Purples
6250,Browns
4102,Oranges
5555,Oranges
1285,Yellows
8876,Pinks
4141,Browns
1593,Blues
5947,Browns
554,Purples
3931,Purples
8645,Blues
6552,Browns
3123,Purples
6639,Blues
3843,Purples
6112,Greens
5519,Browns
5908,Greens
465,Blues
7599,Blues
6960,Whites
6401,Yellows
7224,Greens
69,Purples
5793,Browns
3971,Whites
2801,Greens
9235,Browns
1423,Browns
3507,Purples
5847,Yellows
2975,Greens
4581,Blues
8601,Purples
5098,Purples
7901,Browns
2893,Oranges
4971,Browns
2224,Browns
4015,Purples
4176,Pinks
2218,Browns
4483,Turquoises
4160,Browns
9138,Browns
6251,Whites
2205,Purples
3246,Pinks
8095,Pinks
5516,Pinks
276,Pinks
6480,Blues
7665,Oranges
2917,Whites
2088,Yellows
6195,Oranges
912,Browns
9567,Pinks
4341,Purples
4491,Oranges
266,Whites
3318,Turquoises
9365,Greens
2062,Pinks
3464,Browns
7835,Turquoises
8277,Browns
5177,Pinks
1029,Blues
4650,Yellows
1364,Greens
7185,Blues
2321,Purples
6723,Greys
7025,Blues
4263,Greens
1959,Greens
6587,Pinks
7250,Browns
1644,Browns
51,Purples
5878,Purples
6680,Purples
7028,Purples
2428,Yellows
5868,Oranges
4543,Greys
1342,Purples
795,Oranges
5176,Yellows
6743,Greys
5810,Purples
4053,Greys
6166,Purples
9613,Whites
7950,Purples
8498,Browns
7861,Greens
1750,Yellows
9849,Whites
6561,Purples
7261,Whites
9253,Greys
4203,Yellows
6882,Greens
4632,Turquoises
8802,Purples
1512,Purples
5938,Yellows
9480,Turquoises
9002,Purples
3726,Purples
1604,Pinks
8006,Purples
888,Pinks
4661,Blues
517,Whites
7762,Greys
7627,Browns
6994,Purples
1823,Blues
4192,Turquoises
3946,Turquoises
340,Oranges
1207,Purples
2484,Purples
8233,Greens
8434,Purples
9802,Yellows
1589,Browns
7044,Oranges
3796,Blues
164,Blues
1726,Greys
8758,Purples
9148,Blues
1955,Browns
6482,Purples
4184,Browns
3284,Greens
5392,Browns
1730,Purples
365,Purples
1997,Greens
8686,Yellows
7451,Whites
7601,Greens
100,Blues
368,Greens
6017,Purples
4716,Browns
6756,Purples
9790,Browns
5525,Pinks
9010,Pinks
4423,Turquoises
7922,Oranges
8133,Turquoises
6104,Greens
57,Pinks
8047,Greens
4775,Browns
5377,Blues
697,Turquoises
1973,Reds
8150,Blues
4090,Purples
5094,Oranges
8513,Greens
8273,Oranges
5389,Whites
591,Purples
8214,Purples
4065,Greens
9327,Whites
2101,Pinks
4643,Browns
2444,Purples
3610,Browns
4617,Yellows
670,Oranges
9639,Reds
2415,Browns
9851,Yellows
7694,Purples
6262,Yellows
5210,Purples
1888,Blues
1221,Pinks
5342,Greens
1255,Browns
5751,Purples
916,Greys
6901,Greys
6358,Oranges
6162,Greys
1060,Purples
6524,Purples
2946,Greys
2470,Purples
6164,Browns
660,Pinks
6470,Purples
8995,Yellows
9180,Purples
5779,Greens
5636,Pinks
8084,Browns
3851,Browns
4530,Oranges
1861,Pinks
8708,Browns
7201,Yellows
4831,Blues
8298,Oranges
1551,Whites
3166,Greys
3254,Blues
9058,Pinks
6237,Oranges
1608,Greys
1237,Purples
6604,Purples
7432,Turquoises
6269,Greys
5926,Turquoises
5428,Browns
6154,Oranges
2911,Browns
9258,Purples
2051,Turquoises
4109,Blues
4162,Purples
6320,Greys
2012,Oranges
6430,Greens
2738,Greys
3456,Greys
9463,Purples
3347,Reds
4334,Purples
5109,Pinks
4013,Pinks
1629,Yellows
7667,Purples
2938,Greens
2897,Purples
2303,Purples
8770,Purples
9944,Purples
1104,Greys
3111,Blues
2605,Purples
2812,Greys
2834,Greens
201,Pinks
784,Oranges
4678,Purples
19,Greens
3903,Blues
3344,Greens
7980,Blues
7845,Purples
5304,Oranges
2440,Purples
5989,Yellows
980,Yellows
6194,Greens
4848,Browns
8957,Greys
3527,Purples
1018,Reds
2229,Greens
3650,Yellows
286,Browns
9086,Turquoises
9915,Browns
2931,Browns
7981,Turquoises
6542,Purples
2606,Pinks
1126,Greens
1302,Greens
2362,Purples
1304,Greys
7177,Pinks
9385,Browns
7752,Purples
7030,Turquoises
6170,Greys
146,Browns
8213,Browns
214,Yellows
952,Greens
3842,Browns
9925,Purples
6590,Greys
1090,Purples
7062,Purples
6816,Browns
1071,Purples
2884,Blues
4785,Greens
8704,Browns
2531,Greys
2510,Whites
866,Reds
2143,Greens
2147,Yellows
7754,Greens
426,Purples
4834,Browns
6531,Browns
4666,Browns
4040,Purples
1862,Yellows
6700,Purples
6069,Oranges
7367,Purples
183,Browns
5396,Browns
3107,Yellows
1206,Blues
9703,Greens
8480,Purples
7366,Turquoises
9963,Greys
6441,Greys
2488,Browns
7993,Yellows
5782,Pinks
8874,Greys
5897,Browns
2485,Browns
8411,Greens
8825,Greens
3017,Greens
5409,Browns
9755,Blues
2583,Browns
1196,Browns
6363,Pinks
1361,Purples
4806,Purples
7120,Browns
8799,Blues
3342,Greens
5419,Purples
7670,Browns
3744,Turquoises
6325,Whites
4515,Greys
4448,Purples
5489,Greens
8295,Pinks
6808,Greens
7306,Yellows
1994,Browns
3718,Greens
3339,Greys
1076,Greens
8731,Oranges
8868,Yellows
6185,Blues
6101,Browns
8648,Browns
5406,Purples
2739,Purples
3075,Yellows
6976,Whites
4335,Yellows
8640,Blues
6890,Blues
3562,Oranges
7836,Purples
3505,Purples
4873,Turquoises
1998,Browns
743,Turquoises
2564,Pinks
1867,Greens
8879,Browns
2544,Pinks
7039,Purples
3308,Purples
8839,Browns
2092,Purples
2433,Purples
2188,Whites
2078,Browns
811,Greens
9595,Purples
6424,Purples
7001,Greens
7685,Purples
4786,Yellows
9608,Purples
7663,Reds
6503,Blues
2256,Greys
9663,Greens
4057,Browns
8631,Browns
7075,Browns
8376,Blues
9136,Blues
7251,Purples
7099,Oranges
9827,Oranges
1951,Blues
6183,Purples
3514,Oranges
8855,Blues
2593,Purples
342,Yellows
1674,Browns
399,Yellows
6061,Browns
5464,Greens
2841,Browns
3778,Browns
4171,Pinks
3492,Yellows
9080,Pinks
2761,Pinks
1161,Greys
8544,Purples
5772,Browns
6727,Turquoises
7142,Browns
5042,Turquoises
6792,Greens
3900,Whites
589,Greys
9988,Oranges
9837,Purples
5007,Oranges
4593,Purples
6305,Blues
1645,Browns
8880,Greens
5255,Greys
2758,Browns
5100,Greens
2989,Blues
4960,Browns
5209,Blues
4301,Blues
7946,Purples
6141,Browns
5307,Whites
6635,Browns
7604,Yellows
3506,Browns
3575,Browns
4608,Turquoises
8718,Blues
8705,Browns
9507,Oranges
2803,Purples
1586,Purples
8226,Pinks
5097,Blues
1799,Browns
8166,Browns
2220,Greys
514,Greys
886,Purples
9612,Browns
4764,Blues
523,Greys
9759,Purples
3462,Browns
7221,Greys
7609,Pinks
1158,Greens
2528,Browns
2407,Yellows
2475,Browns
890,Whites
1030,Greens
9404,Oranges
4420,Browns
5649,Pinks
3059,Reds
59,Yellows
8487,Pinks
1416,Purples
2422,Pinks
7424,Greens
701,Pinks
9322,Blues
5453,Blues
8429,Pinks
8249,Purples
5808,Purples
6374,Pinks
680,Browns
817,Browns
8751,Greens
6558,Greens
8457,Purples
2691,Pinks
7672,Greens
4089,Purples
6540,Oranges
9766,Yellows
6239,Purples
2656,Purples
1506,Purples
3429,Browns
9205,Purples
9787,Greens
8924,Greens
8774,Blues
2301,Pinks
6478,Pinks
3247,Oranges
7490,Purples
9653,Pinks
2279,Browns
7532,Whites
4582,Greys
3159,Browns
4758,Pinks
6192,Yellows
5143,Purples
3298,Pinks
3045,Purples
3176,Browns
5727,Blues
1131,Greys
4885,Blues
5860,Yellows
2809,Blues
1919,Greens
8773,Blues
8140,Pinks
7664,Greens
7556,Purples
2406,Blues
1485,Purples
6687,Blues
5250,Yellows
395,Purples
4395,Oranges
3163,Greens
8832,Greys
8813,Greys
1754,Purples
4063,Browns
2203,Greens
1469,Oranges
1957,Greys
2846,Pinks
876,Purples
3892,Oranges
872,Whites
1151,Purples
8771,Blues
5058,Greys
9627,Blues
8845,Greys
5736,Greens
8391,Pinks
7679,Greys
5654,Pinks
1797,Greens
6689,Browns
721,Yellows
9686,Purples
7240,Purples
992,Turquoises
3957,Browns
6988,Browns
5263,Browns
6376,Pinks
6806,Purples
7677,Oranges
5283,Whites
6472,Pinks
1236,Reds
885,Purples
602,Browns
6265,Browns
3571,Blues
3603,Blues
7207,Yellows
8546,Purples
7186,Browns
5391,Yellows
2678,Purples
567,Purples
984,Purples
184,Greens
4209,Greys
1013,Browns
7858,Browns
5332,Browns
5351,Purples
4250,Yellows
5184,Greys
8505,Pinks
9194,Reds
8099,Greens
4619,Browns
6065,Turquoises
9055,Purples
8318,Purples
7314,Reds
4435,Blues
1144,Greens
490,Greens
4884,Purples
8398,Blues
5273,Greys
9458,Greens
4213,Browns
9548,Browns
5588,Purples
5955,Browns
4372,Pinks
2295,Browns
8261,Greens
4431,Blues
6766,Browns
8506,Blues
1431,Purples
3267,Pinks
9374,Browns
3216,Turquoises
8625,Greens
6347,Reds
5817,Purples
9179,Browns
2799,Browns
48,Pinks
9423,Yellows
6922,Blues
9377,Blues
7878,Browns
3116,Browns
2727,Pinks
6437,Blues
2161,Pinks
3740,Purples
3729,Reds
5416,Yellows
7196,Purples
8342,Pinks
7415,Browns
9331,Purples
1269,Blues
1226,Turquoises
8676,Browns
8715,Yellows
3765,Browns
61,Reds
7643,Purples
4257,Blues
3013,Greens
3934,Whites
7962,Greens
8651,Browns
657,Pinks
4689,Greens
6530,Greens
7969,Purples
6021,Pinks
2423,Purples
6252,Purples
191,Turquoises
3440,Purples
3306,Greens
2515,Turquoises
8856,Browns
2394,Purples
6918,Purples
3641,Browns
5968,Purples
8235,Reds
8072,Greens
7888,Turquoises
9439,Browns
4805,Browns
4169,Purples
3282,Blues
6621,Greens
3043,Greens
3791,Purples
2249,Purples
7105,Greens
1396,Purples
6589,Browns
4037,Yellows
5561,Blues
976,Purples
7183,Oranges
3251,Blues
3529,Browns
7213,Reds
4249,Reds
6135,Browns
9265,Pinks
1414,Blues
2851,Greens
9930,Greens
3078,Blues
9632,Blues
8495,Purples
2107,Purples
1789,Purples
5408,Blues
8185,Greys
8450,Greens
110,Purples
2774,Purples
1484,Greens
4778,Browns
5726,Browns
5725,Purples
2718,Oranges
7867,Oranges
7678,Purples
4211,Blues
6711,Purples
7977,Greys
8955,Pinks
1159,Purples
7588,Browns
6300,Purples
6155,Purples
4051,Oranges
3899,Blues
9528,Purples
8864,Pinks
8116,Reds
5521,Whites
9737,Greys
8118,Whites
5087,Browns
5347,Purples
6184,Blues
5728,Oranges
1331,Purples
7791,Yellows
7542,Blues
9034,Reds
7091,Purples
9382,Purples
8836,Greens
6949,Greens
8747,Purples
4658,Pinks
1330,Turquoises
3572,Browns
1667,Purples
2575,Whites
8089,Pinks
7792,Purples
4224,Purples
3970,Pinks
4850,Oranges
5828,Turquoises
3499,Purples
7606,Greys
2222,Reds
6844,Browns
9863,Purples
3305,Pinks
9678,Reds
4163,Oranges
7072,Blues
46,Reds
3072,Whites
7329,Browns
9114,Purples
9102,Browns
8193,Browns
8551,Turquoises
679,Oranges
4151,Greens
4268,Purples
1626,Purples
9162,Purples
1680,Greens
3024,Greys
4766,Whites
128,Pinks
5998,Whites
1729,Turquoises
7545,Yellows
858,Browns
215,Purples
8560,Greens
3653,Purples
9479,Pinks
9901,Pinks
5076,Browns
4740,Purples
7582,Pinks
1005,Turquoises
2550,Purples
2888,Purples
6274,Reds
1099,Yellows
8520,Oranges
1256,Browns
178,Whites
9212,Purples
773,Greys
6014,Browns
1503,Reds
4657,Blues
3969,Blues
4822,Greens
942,Purples
3348,Greens
358,Yellows
3276,Purples
4459,Pinks
1334,Purples
6118,Reds
8216,Pinks
5185,Greens
4042,Purples
2973,Yellows
1366,Purples
8142,Browns
9054,Blues
1885,Greys
8659,Purples
877,Blues
7511,Pinks
379,Browns
9876,Purples
2577,Purples
6583,Purples
6955,Purples
8851,Blues
3057,Blues
6360,Yellows
5345,Greys
7114,Purples
2525,Browns
4382,Whites
7487,Blues
3509,Browns
5417,Blues
7557,Reds
9251,Greys
8453,Greys
5749,Browns
3391,Greens
4440,Greens
1979,Blues
9425,Blues
5510,Greys
3270,Yellows
904,Browns
2366,Reds
9533,Purples
5783,Blues
4387,Greens
1846,Greens
9192,Purples
1540,Blues
804,Blues
6059,Blues
3504,Purples
2874,Oranges
4784,Blues
5212,Whites
7129,Browns
7959,Browns
1733,Blues
1806,Browns
5195,Purples
7425,Purples
209,Blues
6814,Browns
468,Browns
8761,Purples
1928,Turquoises
3077,Purples
9477,Pinks
6574,Browns
1493,Browns
9301,Greens
3589,Greens
5316,Purples
5434,Browns
4623,Greens
6828,Browns
8109,Browns
8256,Pinks
1009,Purples
5599,Purples
1456,Purples
6331,Browns
1520,Purples
1987,Yellows
2633,Purples
6493,Yellows
7149,Browns
8778,Browns
2641,Browns
3576,Greens
1607,Purples
5541,Greens
1899,Purples
8920,Purples
934,Browns
4967,Greens
8671,Browns
5214,Greens
1886,Yellows
436,Greens
2845,Purples
7434,Greens
2255,Blues
6870,Browns
2740,Blues
9602,Purples
546,Greys
1052,Purples
3855,Browns
5535,Purples
6485,Turquoises
7806,Blues
1583,Blues
4882,Purples
9665,Greys
7541,Purples
5162,Greys
8257,Blues
4757,Browns
9078,Purples
4367,Greens
1246,Greys
6119,Purples
5848,Browns
8212,Greens
2364,Greens
7537,Purples
417,Purples
5974,Greens
4792,Browns
3156,Browns
296,Purples
1315,Greys
2733,Purples
1881,Greens
949,Greens
5044,Blues
7846,Greys
1889,Yellows
240,Pinks
403,Purples
4752,Whites
3617,Pinks
8358,Blues
787,Purples
1155,Browns
7211,Purples
6607,Browns
5290,Blues
6049,Yellows
4355,Browns
4845,Browns
6838,Pinks
1240,Browns
256,Pinks
366,Turquoises
373,Browns
8558,Purples
9626,Browns
3461,Blues
842,Purples
4454,Oranges
5645,Blues
5410,Greens
6431,Browns
9784,Yellows
2128,Whites
5110,Purples
8677,Purples
9275,Greys
9885,Reds
564,Yellows
7429,Pinks
2038,Browns
4371,Purples
9515,Pinks
763,Purples
6642,Greens
8120,Turquoises
1495,Greys
6186,Purples
1563,Purples
8147,Greys
2885,Purples
9245,Whites
6498,Browns
744,Blues
8436,Greens
455,Greens
9971,Purples
3418,Greens
7886,Purples
8952,Pinks
8983,Browns
5934,Browns
6780,Browns
1230,Reds
3897,Pinks
9426,Pinks
2098,Blues
5403,Browns
8969,Whites
140,Purples
569,Purples
8332,Blues
3070,Browns
2855,Yellows
9362,Purples
7148,Purples
1374,Purples
7921,Purples
2308,Purples
8500,Purples
4036,Greens
6679,Oranges
3301,Yellows
768,Purples
8936,Yellows
8766,Purples
2597,Yellows
1228,Pinks
7285,Purples
7180,Greens
6618,Purples
405,Greens
7307,Greens
4832,Pinks
1083,Purples
1100,Pinks
3508,Purples
1827,Pinks
5617,Browns
6575,Greens
1067,Oranges
9107,Oranges
37,Browns
9142,Purples
5412,Purples
6706,Purples
5202,Purples
3482,Browns
9546,Purples
2372,Oranges
7035,Purples
9121,Purples
1672,Greens
4754,Greys
8044,Browns
4983,Purples
1842,Purples
129,Blues
6937,Blues
6802,Browns
6610,Browns
2462,Turquoises
7719,Purples
1123,Greens
6712,Pinks
6147,Greens
2617,Browns
4541,Greens
5534,Browns
9104,Pinks
5996,Turquoises
5980,Oranges
5813,Browns
6189,Purples
2970,Blues
6502,Pinks
3544,Browns
8780,Purples
2562,Purples
1382,Turquoises
245,Yellows
1262,Purples
7654,Greys
8559,Purples
1653,Browns
5070,Purples
9960,Oranges
6296,Blues
4494,Browns
5681,Pinks
7854,Oranges
9283,Greens
7408,Browns
7353,Greys
4254,Purples
4509,Browns
1588,Greys
8149,Purples
5960,Greens
965,Pinks
2943,Purples
9565,Purples
377,Purples
6255,Greens
7095,Pinks
513,Greys
7838,Purples
1251,Pinks
3666,Blues
7317,Turquoises
9682,Blues
3648,Purples
4081,Blues
9176,Pinks
7458,Whites
7860,Purples
5442,Turquoises
3136,Purples
2496,Reds
5757,Oranges
8720,Greys
2379,Blues
1149,Browns
9166,Whites
3772,Pinks
216,Blues
4692,Browns
279,Turquoises
2997,Turquoises
1395,Blues
4468,Browns
7038,Blues
4770,Browns
7385,Blues
4567,Purples
1531,Browns
9341,Pinks
8055,Greys
4111,Browns
3331,Greens
5019,Turquoises
8183,Oranges
8414,Greens
1284,Reds
2281,Browns
2581,Purples
7907,Yellows
147,Greys
841,Pinks
467,Blues
4964,Purples
7043,Blues
408,Browns
6519,Yellows
7547,Greens
3326,Purples
2760,Browns
4310,Blues
4794,Turquoises
3463,Purples
5236,Browns
5876,Greys
790,Greens
122,Browns
1420,Reds
973,Whites
6832,Whites
1438,Purples
6902,Greys
9882,Purples
8131,Purples
921,Browns
8378,Purples
4991,Yellows
964,Greens
7840,Whites
2601,Blues
3390,Purples
9415,Yellows
1505,Greys
5709,Purples
9218,Greens
631,Purples
4715,Blues
7558,Pinks
5981,Pinks
7467,Greens
1762,Turquoises
8791,Pinks
8443,Pinks
5623,Browns
2768,Turquoises
2373,Purples
9708,Greens
6925,Pinks
3253,Oranges
8002,Purples
5405,Greens
3871,Oranges
3475,Purples
9845,Greys
7611,Greens
6356,Browns
1152,Browns
8545,Browns
3169,Browns
359,Blues
321,Pinks
8782,Purples
1698,Turquoises
4343,Purples
7312,Reds
1036,Turquoises
306,Yellows
8588,Yellows
7995,Blues
3493,Whites
8790,Blues
3567,Blues
769,Purples
3268,Purples
220,Purples
5641,Reds
8598,Purples
4229,Yellows
9117,Purples
579,Purples
1138,Reds
3826,Browns
6361,Blues
5319,Purples
993,Browns
5384,Greens
4222,Browns
3287,Browns
4668,Browns
8454,Purples
6087,Blues
5480,Turquoises
1109,Greys
3328,Greens
4471,Blues
5427,Browns
757,Whites
6387,Oranges
640,Pinks
6605,Greens
9321,Purples
9376,Purples
1073,Turquoises
6710,Purples
3209,Purples
4551,Purples
3138,Greens
8843,Pinks
9563,Purples
7276,Browns
2004,Greens
3279,Pinks
9698,Oranges
4220,Browns
2962,Purples
2118,Whites
5597,Browns
7304,Browns
1736,Greys
1557,Browns
6979,Pinks
7382,Purples
6023,Browns
9478,Purples
8848,Purples
7416,Browns
1654,Purples
1838,Purples
9972,Blues
1054,Whites
791,Oranges
9097,Blues
4381,Greens
1944,Yellows
1305,Browns
5682,Greens
6299,Yellows
7999,Pinks
6763,Browns
2213,Greens
911,Browns
8586,Purples
8994,Yellows
8860,Turquoises
956,Oranges
3530,Pinks
5072,Purples
1383,Oranges
5758,Pinks
6981,Oranges
473,Purples
6454,Greys
9203,Purples
2261,Browns
1529,Oranges
3093,Reds
8201,Greys
6851,Browns
4140,Yellows
1212,Purples
275,Purples
9240,Browns
8611,Purples
9486,Purples
5050,Whites
9298,Purples
5077,Browns
422,Pinks
4129,Browns
2693,Purples
7088,Reds
5877,Purples
3516,Blues
6191,Browns
4361,Reds
3605,Turquoises
7834,Browns
2027,Purples
1822,Blues
6864,Purples
6403,Browns
9154,Blues
568,Reds
1642,Purples
1084,Greens
8208,Greens
5122,Purples
6197,Pinks
3706,Greens
2175,Purples
6672,Greens
6227,Pinks
2497,Pinks
3954,Oranges
8903,Greys
2028,Blues
3964,Greens
2513,Purples
5172,Blues
982,Greys
9722,Purples
1115,Purples
9633,Greys
1486,Greys
282,Oranges
6098,Purples
9591,Blues
4563,Purples
959,Whites
542,Oranges
8909,Yellows
3806,Greys
115,Turquoises
7534,Greens
2018,Browns
7113,Pinks
4479,Pinks
177,Pinks
8319,Purples
205,Browns
9262,Purples
3404,Purples
7189,Oranges
7000,Purples
3273,Yellows
7163,Browns
9555,Browns
6348,Blues
2367,Yellows
2657,Oranges
7587,Greens
3411,Purples
1903,Pinks
2140,Yellows
5903,Greys
3152,Purples
9178,Yellows
9040,Greens
1620,Browns
4460,Purples
4056,Browns
6563,Pinks
4032,Yellows
2374,Pinks
1260,Blues
3415,Greens
1581,Purples
120,Purples
5167,Pinks
6426,Greens
1596,Purples
5111,Pinks
2554,Whites
7271,Browns
3750,Browns
1163,Purples
1377,Whites
549,Blues
4180,Purples
7885,Pinks
9769,Browns
4091,Yellows
277,Browns
7311,Browns
9867,Browns
8810,Greys
2742,Purples
2163,Purples
3639,Greens
7010,Purples
9858,Blues
3368,Browns
7662,Purples
2958,Purples
4154,Greys
2043,Greys
1398,Pinks
5475,Blues
1333,Purples
5513,Yellows
881,Purples
8326,Purples
9920,Greys
6288,Purples
968,Browns
6737,Blues
2441,Pinks
5713,Blues
1993,Whites
4566,Yellows
4558,Purples
5407,Greens
8403,Purples
3299,Yellows
6153,Purples
7334,Pinks
3863,Purples
9098,Purples
1819,Greys
5518,Purples
8815,Yellows
3808,Blues
28,Greens
2675,Browns
8243,Yellows
2090,Browns
3180,Yellows
4231,Browns
5404,Pinks
8503,Oranges
4243,Reds
5492,Pinks
4640,Purples
3623,Browns
4009,Greens
2555,Oranges
1708,Blues
7127,Purples
77,Greens
336,Pinks
798,Pinks
6998,Greens
8367,Reds
6894,Greens
9874,Browns
402,Greens
8013,Blues
3312,Greys
87,Purples
3065,Whites
1687,Purples
5866,Browns
7410,Yellows
2987,Yellows
2413,Purples
734,Purples
4846,Purples
3008,Purples
6448,Browns
6207,Browns
8329,Purples
4533,Greens
5592,Purples
454,Purples
9993,Browns
4797,Yellows
5552,Pinks
4898,Purples
9207,Blues
6730,Greens
3274,Purples
5950,Whites
8667,Blues
4742,Greens
7652,Purples
3185,Purples
4416,Reds
361,Purples
6543,Greens
1755,Purples
9072,Pinks
6298,Blues
6137,Yellows
724,Browns
9520,Purples
4291,Oranges
9461,Purples
8519,Whites
4406,Purples
6390,Blues
6974,Browns
3991,Browns
6950,Purples
7323,Purples
6353,Yellows
5274,Blues
7068,Browns
5583,Oranges
5330,Purples
4765,Greens
165,Purples
1573,Blues
2638,Greens
5750,Browns
4190,Pinks
6388,Blues
9204,Oranges
9732,Oranges
7384,Browns
7076,Greens
1306,Purples
7206,Reds
210,Browns
9511,Greys
8946,Browns
9711,Greys
288,Blues
5893,Blues
5710,Pinks
2402,Purples
626,Browns
5506,Greys
2122,Purples
7522,Browns
6006,Purples
9352,Purples
6646,Blues
1712,Blues
1537,Blues
3295,Purples
9434,Browns
3579,Pinks
4827,Purples
3049,Purples
2800,Greys
8441,Whites
3775,Purples
7237,Turquoises
7960,Whites
3717,Browns
9113,Purples
7485,Purples
6936,Reds
3857,Blues
3793,Greens
1428,Blues
7383,Purples
5664,Blues
5329,Greens
8346,Oranges
364,Browns
8499,Browns
1324,Browns
4982,Blues
8522,Greys
1393,Oranges
1102,Turquoises
2348,Greens
6577,Pinks
5235,Blues
3999,Greens
6909,Purples
1358,Reds
5834,Blues
4513,Pinks
7111,Blues
527,Oranges
2707,Browns
6447,Oranges
6392,Whites
7486,Purples
3602,Yellows
6898,Greys
8981,Blues
5630,Browns
9605,Browns
6420,Purples
2089,Pinks
7963,Greens
1464,Turquoises
9035,Pinks
2961,Pinks
5732,Purples
5116,Blues
208,Pinks
5975,Purples
9393,Browns
9069,Blues
3646,Turquoises
8350,Greys
9786,Purples
2619,Pinks
2360,Pinks
7872,Greens
7853,Blues
6900,Oranges
351,Browns
3644,Blues
7808,Reds
3357,Browns
5836,Purples
1392,Pinks
6455,Reds
3030,Whites
5246,Blues
5898,Whites
2603,Browns
7555,Browns
5043,Yellows
4743,Blues
1681,Blues
8784,Browns
1267,Purples
5160,Reds
5913,Purples
53,Browns
9995,Browns
535,Pinks
235,Yellows
3918,Browns
2701,Purples
1685,Whites
6719,Oranges
8129,Browns
308,Pinks
4308,Purples
2464,Blues
5988,Purples
4654,Pinks
7427,Blues
7957,Whites
8180,Greys
5951,Browns
8846,Purples
1314,Purples
428,Greys
2639,Browns
9157,Purples
3139,Purples
3428,Blues
2085,Greens
2194,Browns
6753,Turquoises
3846,Greys
4639,Greens
9617,Purples
829,Browns
1778,Turquoises
8472,Purples
2540,Browns
1391,Blues
2325,Greens
7844,Greens
5994,Browns
3351,Yellows
34,Blues
7988,Pinks
9250,Reds
2298,Greens
9710,Pinks
5211,Greens
1751,Purples
6536,Greens
7710,Purples
8100,Purples
7407,Yellows
4844,Greens
8347,Whites
9189,Blues
8532,Greens
9983,Purples
5491,Purples
6703,Browns
1072,Reds
3816,Pinks
1103,Turquoises
6923,Purples
4825,Pinks
1800,Browns
6919,Blues
8867,Browns
4687,Blues
5895,Blues
7879,Purples
2999,Pinks
1372,Purples
5815,Oranges
5472,Purples
4859,Blues
5422,Pinks
4135,Purples
8156,Blues
1492,Purples
1594,Purples
9413,Purples
6022,Whites
4394,Browns
990,Purples
8702,Greys
9050,Browns
3927,Browns
9335,Pinks
3037,Greys
6742,Yellows
4726,Purples
7341,Greens
4370,Pinks
998,Browns
3398,Blues
5194,Pinks
495,Greens
1657,Purples
1971,Browns
4298,Greys
2246,Browns
907,Greens
8724,Pinks
2322,Whites
5997,Greens
3154,Browns
529,Greys
3478,Greens
1179,Reds
6399,Oranges
9841,Blues
6765,Browns
3521,Purples
3891,Greens
303,Yellows
5016,Browns
8026,Browns
162,Turquoises
2759,Purples
5163,Greys
636,Purples
3491,Turquoises
75,Yellows
1816,Blues
924,Purples
1011,Browns
6446,Pinks
5741,Browns
4070,Greens
8908,Turquoises
4136,Purples
7552,Oranges
7715,Blues
9326,Purples
5213,Browns
1488,Whites
864,Purples
1156,Oranges
16,Greens
4294,Purples
2715,Purples
6008,Purples
767,Oranges
6690,Purples
3476,Pinks
8817,Yellows
8456,Purples
7780,Greens
4549,Browns
7442,Purples
3177,Purples
4313,Pinks
3384,Yellows
9087,Purples
5829,Greys
4185,Purples
7433,Whites
1875,Greens
309,Turquoises
8081,Yellows
3439,Purples
2250,Pinks
5281,Browns
4607,Blues
4944,Pinks
6303,Purples
5873,Pinks
7019,Pinks
1795,Purples
330,Purples
8744,Greys
458,Turquoises
2013,Yellows
6582,Turquoises
8459,Greys
6643,Browns
2607,Browns
5309,Browns
8058,Greens
3647,Oranges
4393,Purples
6627,Yellows
4463,Browns
6440,Purples
4599,Purples
8136,Purples
6762,Browns
1234,Purples
8074,Greens
7648,Pinks
8388,Browns
163,Pinks
3930,Purples
6414,Greys
4847,Greys
752,Greens
5612,Purples
5260,Oranges
1694,Browns
7123,Pinks
427,Whites
7209,Turquoises
8928,Greens
1397,Purples
4879,Yellows
6211,Greys
1434,Reds
3686,Browns
2734,Oranges
478,Blues
4024,Pinks
1258,Browns
792,Blues
1497,Greys
5113,Purples
4860,Purples
7026,Greens
5580,Browns
4815,Turquoises
5671,Browns
5468,Pinks
83,Browns
9875,Blues
8017,Browns
9860,Pinks
8455,Reds
6794,Greens
1658,Blues
8736,Yellows
3586,Pinks
8604,Blues
5967,Blues
357,Purples
6095,Greens
4833,Purples
4439,Pinks
6334,Greys
4010,Purples
8148,Browns
8827,Greens
2588,Whites
3023,Blues
9760,Reds
304,Purples
7618,Browns
4103,Purples
9181,Purples
1983,Reds
4685,Greys
977,Greys
653,Purples
4974,Whites
926,Browns
370,Reds
6699,Purples
2403,Yellows
9429,Purples
9570,Pinks
5869,Greens
4429,Browns
1702,Whites
7370,Turquoises
3538,Browns
7417,Turquoises
9575,Yellows
5031,Pinks
826,Yellows
3292,Purples
3417,Oranges
9690,Purples
5147,Browns
1154,Blues
5570,Yellows
1670,Purples
6968,Browns
3260,Purples
8271,Yellows
3604,Browns
9433,Whites
6772,Greens
3802,Pinks
2015,Purples
4993,Pinks
4078,Blues
6297,Blues
3124,Yellows
8157,Browns
5069,Turquoises
4701,Turquoises
865,Purples
6114,Purples
9246,Greens
9906,Yellows
8547,Pinks
2435,Purples
4670,Pinks
8134,Browns
1566,Purples
4408,Turquoises
3087,Greens
5125,Greys
6876,Turquoises
9135,Pinks
3230,Pinks
2744,Purples
8762,Purples
563,Browns
2896,Turquoises
7096,Greens
5560,Greens
2686,Browns
1443,Blues
2741,Greens
7573,Greens
7669,Purples
1866,Turquoises
8438,Blues
1368,Purples
3442,Yellows
7543,Greens
13,Pinks
6551,Blues
7721,Pinks
1164,Purples
6386,Greens
524,Oranges
5565,Turquoises
1447,Greens
6939,Browns
6964,Pinks
8467,Purples
7683,Blues
6289,Greens
9045,Yellows
6051,Yellows
6626,Greens
2618,Greens
4347,Purples
5414,Browns
2238,Oranges
5912,Pinks
1460,Browns
3137,Greens
898,Greens
6031,Pinks
2119,Purples
6554,Blues
5957,Purples
8287,Greens
3314,Purples
6236,Turquoises
1150,Purples
114,Purples
678,Purples
7551,Purples
3601,Blues
3608,Turquoises
9144,Browns
8517,Browns
5034,Yellows
2660,Pinks
6746,Purples
9364,Greens
3534,Purples
4768,Browns
3770,Reds
4327,Greys
6713,Pinks
9714,Greys
7632,Purples
1675,Greens
1048,Turquoises
6468,Blues
7320,Yellows
1311,Pinks
8466,Purples
1335,Blues
2172,Pinks
9933,Greens
2810,Purples
2019,Pinks
5238,Purples
7914,Purples
9842,Purples
7825,Pinks
4179,Purples
3696,Greys
8428,Blues
2969,Purples
2177,Turquoises
943,Whites
7742,Browns
1112,Oranges
3814,Greys
1935,Browns
2472,Greens
4642,Whites
6439,Pinks
154,Greens
7741,Pinks
7982,Oranges
5509,Purples
6572,Blues
2787,Pinks
4447,Purples
3340,Purples
7283,Greys
2860,Purples
4038,Greys
3939,Pinks
5659,Purples
3470,Oranges
5196,Purples
6591,Oranges
8600,Turquoises
7902,Purples
5448,Purples
3221,Greens
8741,Blues
5089,Purples
3748,Oranges
6313,Greens
1292,Browns
1169,Oranges
5201,Purples
4340,Purples
1635,Oranges
3088,Pinks
9865,Turquoises
9005,Purples
1175,Purples
8363,Pinks
5134,Oranges
1508,Purples
8200,Whites
7098,Greens
5839,Browns
344,Yellows
1609,Browns
4156,Greens
9763,Yellows
3993,Purples
9836,Pinks
1274,Greens
4945,Turquoises
9467,Oranges
8036,Whites
7037,Pinks
2252,Browns
6758,Greens
9540,Oranges
503,Yellows
6917,Purples
7065,Pinks
1570,Blues
8064,Purples
3701,Yellows
2093,Greys
3089,Pinks
9667,Pinks
3488,Oranges
3432,Purples
9155,Purples
8638,Browns
5203,Pinks
176,Reds
737,Browns
1595,Turquoises
5136,Browns
4817,Greens
6659,Browns
2587,Whites
3195,Browns
7414,Purples
3164,Greys
246,Browns
7460,Turquoises
656,Purples
851,Purples
4478,Blues
9748,Purples
853,Greens
9485,Browns
5035,Blues
2751,Turquoises
2353,Purples
543,Yellows
4072,Greys
4352,Reds
1561,Purples
7355,Purples
9017,Purples
7500,Browns
6268,Browns
198,Browns
9139,Purples
8154,Browns
6810,Browns
3551,Pinks
2022,Reds
8726,Pinks
1940,Greens
5837,Browns
7342,Reds
9273,Browns
2585,Browns
3511,Browns
1371,Yellows
341,Purples
6315,Purples
5536,Greens
3458,Browns
4648,Greys
3749,Turquoises
3249,Purples
4980,Greens
1426,Greys
6432,Blues
2494,Purples
8834,Purples
9783,Purples
8576,Pinks
3550,Purples
9752,Browns
5532,Greens
9997,Greens
4235,Browns
7042,Blues
3009,Blues
4095,Yellows
3036,Blues
9955,Yellows
4814,Browns
761,Browns
5986,Reds
9342,Purples
6887,Browns
469,Pinks
7070,Browns
7008,Greys
7602,Purples
6044,Pinks
2929,Turquoises
3583,Browns
5604,Purples
5060,Purples
662,Purples
9527,Turquoises
9689,Purples
5711,Browns
9539,Greys
4481,Turquoises
6830,Blues
1108,Greys
6035,Purples
7187,Reds
533,Blues
1016,Pinks
1974,Blues
3337,Greens
4097,Greens
8073,Greens
5553,Blues
5017,Yellows
2267,Pinks
935,Yellows
3004,Purples
3670,Greys
1929,Browns
1757,Browns
9622,Purples
1483,Yellows
2240,Browns
9167,Greens
7934,Greens
7655,Browns
1213,Browns
4646,Greys
3145,Purples
3727,Purples
4986,Greens
9437,Oranges
674,Blues
42,Pinks
4522,Reds
783,Yellows
2448,Pinks
2939,Greys
6323,Pinks
8310,Greens
1525,Yellows
218,Turquoises
5340,Purples
2206,Browns
5269,Whites
1518,Blues
2086,Greys
8354,Greens
8373,Blues
1116,Purples
6956,Yellows
803,Browns
6631,Browns
9343,Purples
3702,Oranges
516,Yellows
2976,Browns
404,Blues
6953,Browns
193,Blues
9585,Purples
9989,Greens
5832,Pinks
8695,Purples
7448,Greens
8905,Browns
8275,Greens
3206,Oranges
9453,Browns
5512,Yellows
2967,Browns
8010,Turquoises
497,Greys
21,Browns
9188,Greens
6042,Browns
4287,Greens
7531,Greys
6016,Yellows
8828,Purples
2704,Pinks
9029,Blues
2176,Turquoises
5523,Whites
8152,Browns
2730,Blues
4110,Purples
4195,Greens
6929,Purples
2543,Greys
1265,Purples
4504,Greens
7501,Yellows
6146,Browns
2491,Turquoises
7375,Browns
9532,Greens
8306,Purples
7958,Oranges
7299,Oranges
3950,Browns
8182,Browns
7238,Purples
9317,Purples
7653,Blues
536,Pinks
6896,Purples
6588,Purples
5242,Browns
8938,Yellows
8556,Browns
9658,Yellows
6875,Yellows
7309,Greens
7106,Greens
2981,Reds
99,Purples
8793,Purples
9637,Greens
7681,Blues
2823,Purples
1748,Purples
5413,Browns
1203,Whites
4793,Greens
3426,Browns
2752,Browns
967,Greens
6436,Browns
4524,Purples
9141,Purples
9318,Oranges
4399,Purples
3378,Purples
2615,Pinks
9410,Purples
4631,Pinks
6222,Purples
9308,Greens
8863,Blues
4451,Blues
9707,Yellows
5690,Purples
3513,Purples
1125,Browns
5500,Whites
8997,Blues
2102,Purples
5530,Greens
944,Purples
7970,Browns
4714,Greens
4255,Yellows
74,Purples
7504,Turquoises
1722,Yellows
7255,Greys
3553,Browns
1624,Blues
8439,Turquoises
4457,Greens
2723,Purples
5026,Purples
615,Blues
6537,Whites
2745,Browns
7455,Turquoises
9504,Browns
8204,Yellows
8305,Purples
9339,Browns
5415,Oranges
6481,Yellows
6666,Browns
4835,Greens
6397,Browns
2442,Purples
1139,Blues
1227,Turquoises
6509,Pinks
3910,Purples
3889,Browns
5707,Purples
8281,Browns
7651,Blues
5620,Yellows
8798,Yellows
8984,Purples
9417,Purples
714,Yellows
466,Yellows
2879,Purples
4669,Greens
5942,Blues
9289,Purples
7007,Turquoises
9161,Greens
2299,Purples
6070,Purples
6287,Greys
4214,Whites
4578,Purples
9293,Purples
8542,Browns
4354,Purples
5766,Yellows
9674,Browns
5656,Oranges
9455,Purples
2319,Browns
6043,Browns
1069,Reds
5073,Pinks
7006,Pinks
8941,Purples
2480,Browns
991,Purples
611,Browns
477,Turquoises
2863,Blues
5225,Blues
3974,Purples
2682,Greys
2867,Greys
2041,Oranges
5686,Browns
5421,Reds
6341,Browns
8252,Oranges
5549,Yellows
7359,Purples
3047,Purples
6995,Purples
4836,Yellows
8915,Purples
2849,Purples
6867,Turquoises
9239,Purples
8521,Purples
2649,Blues
3007,Greys
4818,Browns
5108,Reds
5261,Purples
9561,Greys
9730,Oranges
9357,Greys
5227,Reds
9112,Whites
646,Greens
2553,Greens
1480,Greens
5423,Browns
7938,Yellows
7218,Greys
5264,Pinks
5221,Greens
3869,Greens
1328,Greys
5851,Browns
6776,Yellows
9255,Purples
9940,Purples
1507,Greens
1034,Oranges
4739,Whites
207,Purples
5292,Browns
3033,Greens
1634,Browns
1746,Purples
8939,Purples
9655,Whites
2662,Purples
835,Reds
9031,Greens
5840,Purples
4702,Purples
5657,Pinks
7363,Greys
1568,Browns
7328,Yellows
8497,Whites
432,Browns
9409,Purples
5320,Oranges
3619,Purples
3914,Purples
7227,Purples
8996,Browns
1763,Purples
2955,Pinks
2192,Blues
189,Browns
4634,Greys
5287,Reds
5348,Oranges
1056,Whites
3555,Greys
8079,Pinks
7579,Blues
4325,Browns
5061,Reds
6548,Blues
4572,Greys
8210,Blues
4900,Blues
882,Purples
1047,Browns
4746,Greys
2400,Blues
4450,Turquoises
9033,Pinks
685,Purples
9964,Greens
2346,Purples
1863,Whites
785,Browns
4588,Purples
3977,Browns
2167,Blues
6813,Yellows
689,Purples
6978,Purples
9518,Browns
7918,Purples
901,Purples
3621,Oranges
5262,Purples
9177,Blues
1576,Purples
6018,Browns
5663,Browns
24,Turquoises
4809,Oranges
4994,Purples
3685,Yellows
9282,Greys
8405,Pinks
9399,Blues
7253,Browns
9536,Reds
5445,Greys
3042,Browns
345,Greys
655,Browns
4105,Pinks
367,Oranges
6220,Yellows
1808,Greys
6011,Purples
6326,Purples
905,Pinks
6970,Pinks
9474,Purples
7313,Browns
2421,Pinks
6545,Purples
5266,Greys
3283,Purples
5130,Blues
947,Greys
8031,Pinks
7239,Oranges
1943,Purples
1215,Pinks
3524,Blues
332,Turquoises
8531,Purples
4862,Purples
521,Purples
4954,Purples
3382,Purples
9311,Browns
961,Purples
9580,Reds
5244,Blues
4997,Browns
7507,Greys
1114,Blues
5382,Pinks
5863,Oranges
9074,Pinks
9351,Blues
1137,Yellows
7968,Yellows
3187,Purples
8694,Browns
8417,Browns
3831,Greys
4074,Purples
8066,Blues
3626,Purples
9807,Greys
9337,Browns
3989,Blues
6871,Purples
8420,Greens
2763,Browns
1465,Greens
2320,Blues
6754,Browns
2296,Browns
5563,Blues
8515,Browns
7315,Browns
4208,Turquoises
2251,Purples
6371,Purples
7325,Purples
6433,Reds
9818,Purples
2674,Purples
3754,Purples
2457,Purples
7143,Blues
2499,Whites
4030,Pinks
6240,Purples
4517,Pinks
3898,Greens
3240,Pinks
8746,Oranges
1787,Blues
575,Browns
7936,Turquoises
8716,Turquoises
5747,Browns
2048,Reds
418,Greens
4907,Whites
7021,Yellows
1976,Reds
4750,Browns
3109,Yellows
3035,Purples
8254,Purples
8389,Purples
3502,Purples
8609,Blues
350,Whites
4019,Browns
2671,Browns
9675,Browns
2837,Turquoises
1777,Purples
3389,Whites
725,Purples
382,Browns
8413,Purples
7138,Purples
8141,Blues
3596,Reds
1725,Purples
5104,Blues
2178,Browns
9264,Pinks
2253,Purples
9719,Blues
7951,Purples
6903,Pinks
3764,Greys
121,Purples
7561,Oranges
9422,Oranges
7784,Greens
5956,Blues
2683,Purples
2775,Oranges
6928,Blues
741,Reds
3693,Purples
236,Greens
5905,Purples
3769,Purples
727,Purples
9210,Greens
1910,Greys
8365,Oranges
2520,Pinks
7343,Browns
8582,Whites
9200,Browns
1295,Purples
5658,Purples
2185,Browns
5859,Purples
7089,Turquoises
6529,Greens
2850,Purples
9656,Oranges
3979,Oranges
6895,Reds
6295,Browns
3982,Purples
7574,Purples
4915,Greens
556,Browns
8691,Oranges
7499,Purples
90,Blues
4066,Purples
870,Pinks
5915,Reds
9967,Oranges
6958,Blues
6946,Blues
9764,Reds
919,Purples
9897,Purples
1801,Purples
4737,Greens
6512,Blues
8643,Purples
1982,Greens
1257,Browns
6693,Reds
6488,Browns
3781,Browns
3779,Purples
8961,Pinks
2197,Whites
11,Yellows
9702,Browns
3936,Greens
1715,Oranges
1062,Greens
4153,Reds
6990,Pinks
4409,Browns
401,Greens
4493,Greys
7246,Yellows
8700,Greys
9898,Purples
2265,Browns
7689,Purples
781,Greens
6877,Purples
1550,Browns
4296,Browns
8927,Turquoises
1587,Turquoises
5048,Greys
4589,Greens
3956,Purples
5333,Greens
929,Turquoises
3317,Greens
7726,Greens
5289,Purples
3566,Browns
1791,Purples
5559,Yellows
5722,Purples
8680,Browns
5715,Purples
9290,Browns
4555,Browns
4413,Browns
5638,Blues
7466,Greys
157,Browns
3364,Purples
6487,Blues
8227,Browns
5119,Browns
6327,Purples
1080,Greys
4761,Greens
874,Yellows
1008,Pinks
2055,Browns
1840,Greys
8111,Purples
7077,Pinks
2668,Purples
5066,Purples
9237,Pinks
9047,Purples
5090,Blues
7910,Yellows
2002,Browns
4068,Reds
2963,Reds
6755,Blues
8393,Browns
1135,Purples
8871,Greens
6449,Yellows
3815,Whites
4899,Pinks
8833,Blues
1915,Browns
1301,Pinks
2568,Purples
50,Reds
3097,Purples
6630,Pinks
8005,Purples
259,Greens
8205,Pinks
9378,Oranges
9092,Yellows
7822,Whites
6214,Browns
7440,Pinks
3427,Greys
8377,Browns
1938,Browns
242,Yellows
496,Greens
7737,Pinks
4529,Blues
1918,Greens
158,Purples
4377,Greens
5718,Blues
5759,Blues
6224,Yellows
2116,Browns
2437,Oranges
6747,Blues
8960,Purples
9491,Greens
4886,Reds
5640,Oranges
4857,Blues
1028,Reds
1252,Blues
2378,Yellows
6707,Greens
6718,Purples
1327,Purples
437,Reds
3286,Purples
1014,Purples
7649,Oranges
4177,Blues
8605,Purples
2685,Greens
8052,Browns
4295,Purples
7182,Purples
2932,Blues
3582,Greens
4132,Greens
5746,Turquoises
1744,Greys
9366,Browns
93,Browns
6004,Browns
7344,Purples
5833,Browns
5745,Browns
4305,Purples
719,Blues
9303,Purples
5037,Pinks
2625,Browns
1078,Purples
2864,Purples
9015,Greens
5488,Reds
1947,Greens
8922,Yellows
4170,Pinks
9137,Greens
4923,Browns
1183,Purples
6204,Whites
410,Pinks
9641,Yellows
6822,Browns
6138,Browns
9789,Turquoises
4957,Browns
2830,Yellows
9388,Browns
3325,Browns
3151,Browns
7084,Pinks
9878,Purples
2352,Oranges
6989,Greens
8550,Greens
9202,Purples
8512,Greens
5668,Yellows
6366,Whites
9314,Purples
1490,Oranges
6843,Purples
2104,Oranges
3385,Pinks
709,Purples
1524,Browns
6664,Whites
3916,Reds
8973,Greens
7646,Blues
8584,Purples
6883,Turquoises
8692,Browns
1310,Purples
2902,Blues
4922,Pinks
6940,Greens
2611,Purples
8899,Turquoises
3322,Pinks
9554,Greens
5328,Browns
580,Turquoises
509,Greens
1984,Browns
1153,Oranges
2580,Turquoises
7402,Greens
8386,Greens
6740,Whites
4485,Purples
7882,Browns
9552,Pinks
4777,Browns
8415,Yellows
9513,Browns
9468,Turquoises
5355,Purples
9168,Pinks
9749,Greens
7503,Purples
6198,Purples
958,Pinks
7115,Blues
5554,Browns
1536,Purples
1489,Reds
2451,Purples
6930,Pinks
9809,Greys
1871,Purples
1854,Oranges
9243,Purples
7804,Browns
825,Greens
5992,Yellows
6938,Purples
353,Yellows
3938,Yellows
3468,Browns
1598,Browns
2452,Browns
8313,Purples
5717,Purples
8018,Greens
5753,Blues
1543,Greys
1038,Purples
9680,Purples
6062,Greys
5093,Oranges
1167,Whites
1970,Browns
8128,Greens
8103,Greens
3001,Oranges
2375,Browns
9130,Purples
1766,Browns
8096,Browns
3353,Purples
7877,Purples
940,Pinks
3218,Turquoises
6983,Purples
6081,Purples
1270,Purples
124,Turquoises
2052,Purples
5379,Greens
7990,Browns
7883,Yellows
9883,Purples
3828,Turquoises
6556,Purples
4202,Browns
5528,Browns
9581,Blues
770,Browns
9475,Blues
6494,Pinks
5794,Pinks
7389,Pinks
7297,Greens
1142,Purples
2770,Purples
8056,Oranges
8269,Yellows
2827,Greens
2716,Reds
6094,Purples
9284,Purples
63,Browns
3760,Browns
1218,Purples
7230,Oranges
3756,Greys
2336,Pinks
3309,Browns
3882,Pinks
779,Purples
9211,Browns
840,Purples
6025,Pinks
4545,Browns
4556,Turquoises
151,Pinks
9066,Purples
3198,Browns
574,Greys
3861,Purples
2843,Greens
8763,Turquoises
2558,Greys
4300,Purples
5892,Yellows
5927,Purples
4061,Browns
6720,Pinks
9951,Greens
3338,Purples
7899,Greens
2115,Greys
8988,Greys
4101,Pinks
8894,Browns
6781,Browns
1096,Greens
8188,Browns
3700,Blues
6107,Pinks
4708,Reds
7145,Pinks
3719,Purples
1229,Purples
4870,Greens
6592,Oranges
2901,Turquoises
3810,Blues
2272,Browns
3730,Blues
2001,Pinks
2629,Turquoises
7614,Purples
1636,Reds
7898,Greys
1688,Oranges
3438,Blues
2706,Pinks
6149,Pinks
4965,Yellows
1487,Oranges
1474,Browns
7263,Purples
273,Blues
8371,Greens
1737,Greys
2033,Browns
2920,Pinks
2129,Pinks
669,Browns
7770,Greens
6702,Purples
1024,Purples
1897,Whites
3705,Yellows
1655,Greys
2056,Pinks
3066,Greys
7058,Yellows
1075,Purples
9979,Purples
6156,Pinks
6934,Purples
2425,Greens
5326,Purples
5675,Browns
376,Browns
3886,Greens
7079,Purples
7629,Pinks
9727,Yellows
6139,Greys
7337,Purples
2782,Yellows
3679,Turquoises
4780,Purples
6957,Purples
6131,Browns
5862,Purples
4391,Pinks
8164,Greys
3761,Reds
3321,Pinks
6377,Yellows
6593,Browns
2307,Purples
8701,Greens
2994,Purples
7608,Blues
6675,Browns
8943,Pinks
6188,Reds
2959,Greys
7090,Purples
9390,Whites
5474,Blues
6695,Pinks
4602,Browns
5889,Yellows
7720,Greys
2241,Browns
2136,Blues
2560,Purples
2996,Browns
2091,Browns
9866,Greys
3193,Browns
7012,Purples
5822,Greys
5626,Whites
3387,Blues
5867,Blues
6694,Reds
5367,Purples
5543,Blues
8127,Browns
9397,Blues
7949,Blues
4867,Purples
2904,Blues
7161,Turquoises
7647,Purples
5486,Greens
6354,Purples
4892,Purples
988,Purples
8779,Browns
8987,Turquoises
80,Greens
6850,Turquoises
5666,Yellows
2392,Greys
2285,Browns
7340,Browns
9745,Greys
5062,Purples
6705,Purples
2570,Blues
7470,Purples
6665,Pinks
4865,Pinks
380,Yellows
5229,Purples
3941,Greys
5352,Purples
7108,Browns
2677,Greens
4962,Greens
8929,Browns
3722,Yellows
8402,Purples
6396,Blues
3546,Yellows
4076,Oranges
5818,Browns
6817,Purples
5074,Purples
2944,Purples
3014,Blues
7184,Blues
8014,Reds
8361,Purples
4532,Browns
8255,Purples
9379,Browns
1545,Browns
2385,Browns
2825,Browns
3454,Browns
7411,Purples
9391,Purples
1463,Turquoises
8800,Purples
9126,Pinks
1924,Blues
2721,Greys
1828,Browns
9226,Purples
1032,Pinks
3341,Yellows
502,Whites
5223,Pinks
420,Purples
8649,Purples
3053,Yellows
8299,Oranges
6835,Browns
6729,Browns
8198,Greys
751,Greens
2984,Greys
8814,Browns
8552,Blues
4139,Greens
9893,Browns
4988,Pinks
1081,Purples
8884,Blues
5013,Blues
1989,Purples
9493,Purples
1817,Turquoises
4782,Oranges
677,Greys
6033,Turquoises
5360,Greens
1365,Greys
3577,Greens
5830,Blues
3868,Purples
9016,Purples
8360,Purples
9903,Greys
6560,Yellows
9936,Purples
2146,Whites
2573,Browns
8341,Greens
5733,Whites
6668,Browns
8897,Blues
106,Browns
18,Purples
1281,Browns
2454,Oranges
5003,Yellows
6557,Pinks
2971,Greens
1559,Greens
4331,Purples
7413,Pinks
7136,Greens
6907,Browns
2370,Purples
2514,Blues
2410,Greens
5440,Yellows
4075,Yellows
7671,Pinks
5192,Pinks
7566,Blues
3262,Purples
4495,Browns
1166,Browns
8892,Pinks
1010,Purples
2112,Pinks
4380,Purples
2460,Browns
7210,Pinks
44,Reds
1920,Pinks
3687,Blues
2930,Greys
6434,Purples
1286,Purples
5220,Greys
1496,Browns
3520,Oranges
9436,Purples
7713,Blues
6576,Purples
362,Greys
3394,Purples
4197,Browns
4055,Greens
3022,Greens
459,Browns
4958,Blues
5010,Yellows
9191,Pinks
6375,Oranges
4828,Greys
1501,Greys
9821,Purples
8240,Greens
979,Purples
7940,Purples
6466,Reds
2063,Greens
1613,Purples
3288,Pinks
5761,Browns
9892,Pinks
5548,Greens
1953,Browns
8626,Blues
2059,Yellows
8262,Purples
1133,Greens
6767,Turquoises
6581,Turquoises
3541,Yellows
7071,Browns
3894,Yellows
352,Turquoises
9036,Greys
5040,Turquoises
8288,Reds
2862,Greys
2933,Blues
544,Pinks
6628,Blues
3181,Browns
8976,Greens
5764,Purples
5484,Blues
2361,Greens
3901,Blues
7494,Purples
7915,Browns
1849,Pinks
4159,Greens
5373,Purples
7976,Browns
4104,Greens
4350,Purples
8948,Purples
7790,Blues
9795,Browns
5120,Blues
6246,Blues
8526,Greens
7920,Purples
2010,Purples
1433,Blues
1001,Browns
6283,Browns
1336,Purples
4008,Reds
2493,Pinks
1950,Purples
7178,Purples
3403,Purples
190,Pinks
5426,Browns
3537,Yellows
7935,Turquoises
7794,Purples
7620,Blues
8596,Blues
618,Blues
778,Greens
2151,Pinks
2316,Oranges
2070,Oranges
946,Browns
5748,Yellows
4698,Browns
9677,Pinks
4633,Blues
6267,Purples
4839,Purples
1809,Browns
4745,Browns
6739,Purples
2391,Oranges
8184,Purples
3224,Blues
1458,Pinks
5257,Browns
7474,Turquoises
9631,Greens
8921,Blues
3261,Purples
4174,Blues
4189,Purples
5009,Browns
8092,Greys
9213,Purples
7333,Browns
7252,Whites
3887,Blues
7361,Blues
7495,Oranges
1591,Purples
168,Turquoises
4256,Browns
729,Whites
1805,Blues
1807,Purples
9908,Greens
2504,Greys
1473,Oranges
2204,Blues
5958,Browns
3000,Browns
9412,Turquoises
9701,Purples
414,Purples
9823,Greens
913,Yellows
1299,Greys
8477,Browns
5610,Pinks
3460,Greens
8642,Greens
2527,Greens
1413,Pinks
356,Purples
2637,Purples
4927,Purples
9081,Greys
8016,Yellows
3860,Greys
6007,Reds
4590,Oranges
3433,Oranges
6367,Browns
9909,Purples
1865,Browns
8712,Purples
746,Turquoises
8658,Purples
486,Blues
2135,Purples
5683,Purples
1964,Browns
3640,Purples
5556,Greens
2807,Oranges
6278,Greens
2797,Reds
2508,Purples
593,Whites
2066,Pinks
5900,Purples
3162,Yellows
1855,Purples
5949,Purples
3569,Pinks
6284,Purples
494,Browns
9019,Blues
9642,Yellows
3495,Purples
1872,Greens
647,Browns
9496,Oranges
4472,Greys
9011,Pinks
134,Turquoises
4618,Greens
7047,Purples
923,Purples
8076,Blues
740,Browns
1925,Pinks
4622,Greens
2858,Greens
9743,Reds
4415,Yellows
339,Browns
6647,Purples
8308,Oranges
8953,Greens
765,Greens
343,Greys
1349,Pinks
1710,Greens
5166,Purples
7832,Greys
7581,Purples
1818,Blues
1590,Oranges
7027,Browns
4239,Greens
3503,Greys
62,Whites
8911,Purples
7519,Yellows
2481,Purples
8276,Whites
8669,Pinks
9305,Browns
3401,Oranges
6927,Purples
8776,Yellows
9957,Purples
5946,Purples
4894,Turquoises
6518,Purples
5842,Greys
6682,Turquoises
73,Oranges
2445,Greys
2815,Browns
9132,Browns
9864,Blues
2820,Whites
1793,Greens
5916,Greens
6749,Greens
2868,Reds
4323,Greys
7060,Purples
5768,Browns
922,Reds
4534,Blues
8745,Blues
6370,Reds
9825,Blues
295,Browns
1701,Purples
8567,Blues
2133,Pinks
2254,Pinks
6774,Blues
9105,Greens
6833,Purples
8481,Blues
3856,Purples
3795,Purples
9798,Purples
8167,Browns
6140,Pinks
2922,Whites
8767,Purples
8137,Purples
1268,Greys
7894,Purples
9175,Oranges
821,Browns
5765,Pinks
6799,Purples
2365,Browns
1988,Browns
194,Pinks
1191,Blues
5052,Browns
8654,Greys
9065,Greens
7496,Purples
8108,Purples
9726,Greens
9276,Oranges
6534,Reds
2292,Purples
3833,Purples
2895,Pinks
1105,Yellows
1063,Blues
2227,Browns
1781,Oranges
6508,Purples
3654,Pinks
5795,Turquoises
133,Greens
828,Greens
1074,Browns
7943,Purples
5790,Purples
9156,Pinks
3755,Browns
5595,Oranges
5531,Purples
4143,Reds
5660,Greys
8502,Browns
5883,Purples
3794,Yellows
8956,Purples
5102,Purples
4316,Oranges
3681,Greys
9416,Turquoises
387,Whites
3494,Pinks
4290,Blues
2676,Browns
4604,Purples
197,Purples
5804,Purples
9815,Greys
7204,Blues
9039,Yellows
8999,Purples
3296,Purples
9938,Purples
9820,Yellows
4384,Blues
3114,Purples
9076,Greens
1381,Greys
4733,Greens
2821,Browns
3708,Blues
5695,Pinks
2645,Greens
6734,Browns
1676,Pinks
8869,Browns
3393,Purples
3200,Greens
2273,Purples
1603,Turquoises
6350,Purples
5490,Browns
8431,Purples
2014,Pinks
6888,Whites
8754,Browns
4484,Whites
5849,Purples
9904,Browns
6868,Purples
3746,Oranges
6963,Purples
7197,Yellows
3452,Turquoises
4736,Blues
5441,Browns
8112,Turquoises
8174,Browns
1560,Purples
6037,Blues
3170,Pinks
6124,Yellows
2695,Greys
8145,Browns
695,Pinks
3142,Purples
5567,Purples
9014,Pinks
9751,Reds
5106,Greys
3015,Greens
9440,Purples
6715,Purples
7023,Purples
337,Blues
6553,Purples
3798,Browns
5888,Browns
1946,Whites
1309,Greens
6292,Whites
4346,Pinks
5256,Greens
7119,Pinks
9049,Greys
3496,Turquoises
3363,Greys
5368,Turquoises
957,Pinks
4790,Pinks
3735,Purples
3948,Browns
510,Greens
2469,Oranges
4684,Blues
4031,Whites
5720,Purples
5105,Browns
6674,Oranges
7896,Turquoises
7159,Purples
1521,Oranges
6276,Pinks
3859,Purples
7706,Turquoises
8272,Greens
2859,Purples
9614,Purples
7987,Greens
5469,Blues
9843,Whites
9553,Greens
2054,Purples
8335,Yellows
6238,Greys
7338,Purples
7900,Greens
3367,Whites
9644,Reds
3728,Purples
4388,Yellows
3552,Blues
2173,Purples
9184,Yellows
6076,Purples
7445,Purples
2314,Purples
9800,Purples
1571,Greys
8562,Browns
7141,Purples
7512,Pinks
9406,Reds
4774,Greys
7166,Purples
4234,Yellows
9928,Pinks
9498,Pinks
4369,Greys
2483,Purples
2310,Greens
8591,Browns
2184,Greens
9921,Purples
1343,Oranges
4889,Browns
5103,Purples
5546,Greens
3448,Greens
383,Pinks
1124,Purples
9460,Turquoises
6419,Purples
348,Greys
1417,Yellows
8399,Oranges
2182,Browns
839,Purples
9932,Greens
8852,Purples
9543,Browns
4741,Greys
3858,Blues
6462,Turquoises
8890,Purples
9259,Greys
1437,Purples
9810,Pinks
4178,Browns
4059,Purples
8977,Browns
8291,Blues
6102,Purples
4242,Greens
9456,Purples
2021,Browns
1632,Pinks
9666,Purples
8192,Turquoises
5285,Purples
6697,Browns
5183,Greens
3789,Browns
5117,Greys
1242,Browns
8280,Turquoises
6161,Blues
6973,Greys
8119,Turquoises
4970,Pinks
439,Blues
6233,Yellows
6340,Purples
1876,Browns
8619,Purples
196,Turquoises
1450,Blues
8616,Whites
7502,Purples
3787,Blues
1640,Purples
3767,Browns
1798,Greys
4115,Purples
996,Browns
4445,Purples
6544,Purples
4699,Greys
5928,Oranges
8652,Blues
8644,Turquoises
3786,Reds
6640,Greys
850,Purples
1064,Browns
8553,Greys
8993,Greens
3965,Purples
8143,Purples
2612,Yellows
5965,Blues
4901,Purples
6096,Purples
8435,Pinks
4003,Browns
6171,Oranges
2941,Whites
1790,Greys
4261,Blues
7278,Oranges
5995,Greens
7406,Oranges
8968,Blues
1412,Greens
2418,Purples
3248,Pinks
3,Blues
9848,Browns
6172,Greens
8408,Pinks
462,Turquoises
1276,Blues
1669,Blues
2883,Purples
2872,Whites
4182,Greens
433,Whites
1780,Turquoises
6105,Browns
4869,Turquoises
5243,Browns
8940,Purples
6020,Browns
5507,Greens
9856,Reds
9735,Purples
875,Purples
8620,Purples
6322,Greys
702,Greens
7456,Purples
4233,Purples
5680,Purples
7932,Browns
8684,Browns
8681,Browns
4486,Blues
3953,Pinks
9183,Pinks
3822,Purples
2526,Blues
871,Greens
7332,Blues
2586,Purples
5505,Browns
2948,Blues
6041,Reds
4266,Browns
1042,Greens
185,Greys
5165,Purples
4500,Purples
7584,Purples
2081,Blues
5288,Greys
5071,Reds
2853,Purples
265,Purples
2814,Purples
1792,Yellows
7054,Browns
3409,Browns
7625,Greens
9024,Browns
3695,Purples
7868,Whites
6598,Greens
1749,Reds
3073,Oranges
8197,Blues
251,Purples
7798,Pinks
9596,Purples
5922,Blues
6475,Greens
6349,Browns
9862,Purples
5621,Greens
7081,Browns
1890,Browns
3168,Yellows
7273,Browns
5809,Reds
8849,Greens
4837,Browns
109,Browns
2654,Yellows
8228,Greens
2189,Purples
4625,Yellows
8501,Pinks
2105,Blues
5155,Oranges
1094,Blues
5547,Whites
4465,Greens
1941,Yellows
8490,Turquoises
5701,Blues
6000,Browns
2658,Browns
4609,Greens
860,Browns
9215,Purples
1233,Browns
7005,Browns
4489,Pinks
2712,Greys
1821,Purples
5086,Purples
5378,Purples
3172,Yellows
3548,Purples
5788,Purples
637,Purples
7826,Greens
9128,Browns
3907,Greens
6525,Browns
7782,Purples
3782,Pinks
739,Purples
1832,Purples
6507,Turquoises
9270,Greys
5397,Yellows
2511,Purples
3709,Yellows
6863,Purples
8020,Blues
5493,Purples
7480,Purples
873,Pinks
4477,Greens
6457,Browns
7216,Browns
8713,Browns
4955,Purples
307,Purples
7549,Blues
3733,Browns
4338,Yellows
5402,Browns
8187,Greens
4772,Purples
2737,Pinks
1173,Turquoises
9071,Greens
6568,Turquoises
2291,Browns
138,Yellows
4302,Purples
832,Blues
2071,Whites
3813,Purples
2524,Purples
471,Purples
7744,Yellows
6332,Purples
3587,Whites
5359,Pinks
280,Browns
7848,Purples
2793,Purples
3611,Pinks
4498,Browns
23,Pinks
9541,Turquoises
5114,Purples
4246,Yellows
4906,Pinks
8312,Blues
5137,Purples
481,Purples
1717,Purples
869,Pinks
2284,Purples
4921,Yellows
4973,Greens
4152,Greens
4311,Whites
628,Whites
1145,Yellows
1404,Pinks
5688,Blues
3943,Reds
6873,Purples
1969,Yellows
620,Browns
3371,Reds
1659,Purples
9359,Pinks
7799,Greens
9523,Purples
7024,Pinks
5477,Oranges
7933,Pinks
6527,Purples
8338,Browns
1356,Blues
5479,Turquoises
5800,Greys
2201,Greens
9574,Greys
4212,Pinks
8009,Browns
1772,Purples
941,Browns
5294,Browns
4584,Greys
9420,Purples
8732,Reds
313,Purples
6663,Purples
4674,Browns
617,Blues
4624,Oranges
4138,Purples
9610,Greens
5755,Greens
7305,Purples
9472,Browns
7686,Purples
8138,Browns
9725,Reds
4112,Greys
2332,Blues
8460,Blues
688,Greens
3486,Yellows
3225,Blues
8375,Purples
9587,Greens
9948,Browns
199,Blues
716,Purples
8196,Greens
5439,Blues
7242,Purples
9844,Greys
2697,Greens
5850,Browns
7200,Purples
1134,Oranges
130,Greens
2561,Blues
5259,Purples
1610,Oranges
9448,Browns
9295,Oranges
8484,Browns
4021,Greys
1981,Greens
2604,Greys
4565,Purples
6383,Browns
3104,Turquoises
7569,Turquoises
3336,Yellows
7688,Greens
8321,Pinks
5502,Greens
6962,Purples
7797,Oranges
2339,Purples
8696,Greens
2574,Purples
6777,Purples
7707,Purples
3809,Oranges
3379,Purples
1927,Turquoises
4497,Greens
4226,Browns
5881,Pinks
5504,Browns
4875,Greys
3294,Browns
440,Turquoises
8051,Browns
6416,Oranges
7421,Browns
4079,Greens
6997,Browns
9281,Browns
2077,Greens
3599,Browns
4649,Greens
4723,Purples
9611,Purples
3961,Greens
4275,Blues
1098,Greys
4544,Blues
1350,Browns
5383,Turquoises
7849,Reds
4913,Purples
9329,Browns
5253,Purples
3135,Turquoises
5314,Reds
2100,Purples
2498,Purples
1814,Purples
1597,Pinks
3854,Browns
2099,Pinks
9579,Purples
7290,Purples
2565,Turquoises
3020,Browns
4732,Oranges
7866,Purples
6538,Purples
8345,Purples
1033,Turquoises
1379,Purples
2124,Pinks
7714,Browns
3915,Purples
6382,Reds
369,Oranges
7517,Oranges
9537,Purples
7418,Oranges
2795,Purples
3425,Blues
5092,Greys
6163,Turquoises
972,Greys
7032,Greens
6609,Greens
8507,Purples
8966,Browns
8737,Browns
445,Whites
7605,Greens
9852,Turquoises
8001,Browns
4050,Greys
936,Purples
5820,Browns
7188,Blues
9684,Purples
1760,Reds
6395,Purples
9441,Greens
5388,Browns
7269,Browns
3234,Reds
3188,Purples
8155,Greens
4247,Turquoises
5358,Browns
9835,Greys
3880,Turquoises
6564,Purples
7168,Pinks
27,Greys
3620,Blues
4096,Pinks
9582,Oranges
8479,Purples
96,Purples
733,Greens
5054,Oranges
7668,Browns
5966,Browns
8061,Purples
2653,Oranges
1049,Browns
1631,Purples
8537,Pinks
7059,Greys
7767,Purples
9247,Greens
6029,Purples
4052,Yellows
6005,Turquoises
8809,Greys
393,Blues
5204,Browns
736,Browns
5219,Greens
1968,Blues
8448,Pinks
8337,Greys
8328,Yellows
4935,Turquoises
7140,Yellows
5168,Purples
7989,Browns
1916,Oranges
4437,Turquoises
7452,Greys
4548,Purples
3838,Purples
6840,Purples
7837,Browns
7966,Greens
7693,Blues
9657,Turquoises
2453,Reds
262,Blues
3410,Purples
1741,Browns
1168,Purples
3469,Browns
5634,Whites
8265,Purples
5277,Browns
806,Purples
86,Blues
8303,Purples
9291,Purples
7066,Greens
6823,Purples
2533,Browns
6474,Purples
6790,Browns
1695,Browns
2282,Purples
9599,Browns
1023,Whites
2576,Pinks
6046,Pinks
6379,Pinks
2634,Browns
8613,Purples
1883,Whites
1409,Browns
6735,Whites
5562,Oranges
3083,Greens
7874,Yellows
7564,Browns
3264,Blues
6541,Greys
8739,Pinks
1187,Browns
2219,Greens
665,Greens
3100,Browns
9793,Browns
6616,Blues
6926,Greens
2417,Blues
5539,Purples
5875,Pinks
2579,Greens
5025,Pinks
7483,Purples
5302,Purples
2655,Browns
7192,Turquoises
700,Blues
3457,Purples
9051,Blues
8749,Reds
2965,Browns
6223,Purples
7550,Browns
4502,Yellows
8433,Purples
4820,Browns
9961,Browns
8963,Purples
6757,Pinks
5012,Pinks
7975,Browns
2277,Purples
2623,Pinks
978,Greens
1956,Greys
9165,Blues
7941,Pinks
3966,Blues
3214,Browns
5874,Browns
5673,Whites
1216,Browns
8918,Greens
2743,Blues
7813,Pinks
9414,Purples
3069,Browns
1891,Purples
2773,Purples
4080,Whites
2357,Pinks
2408,Purples
2247,Purples
4561,Greens
3990,Greys
539,Purples
7818,Greens
9905,Greys
7747,Greens
5193,Blues
4039,Greys
480,Greens
6657,Browns
5200,Browns
6471,Browns
9244,Yellows
776,Pinks
6751,Pinks
6841,Blues
6523,Oranges
6658,Blues
1370,Yellows
2196,Yellows
3025,Browns
582,Oranges
9398,Greys
8730,Blues
3917,Browns
2622,Whites
7559,Blues
9713,Purples
6750,Pinks
2231,Turquoises
5085,Purples
4088,Blues
4273,Pinks
7381,Purples
5325,Browns
966,Greens
152,Purples
7755,Browns
1747,Purples
2274,Purples
3106,Browns
7639,Purples
7268,Purples
1385,Blues
8870,Blues
9381,Browns
5153,Browns
5247,Purples
5079,Pinks
1673,Purples
5425,Browns
5252,Reds
3003,Browns
4751,Purples
9847,Purples
9319,Purples
4537,Blues
5457,Pinks
5930,Purples
5385,Greens
8893,Blues
9973,Browns
9108,Purples
7484,Purples
7104,Greens
6884,Purples
7870,Purples
333,Greys
6168,Blues
3545,Browns
